Date,Time,Latitude,Longitude,Road Name,Road Type,Vehicle Count,Average Speed,Weather,Temperature,Humidity,Accident Count,Traffic Signal,Holiday,Travel Time,Congestion Level
2026-06-08,20:30,22.554730859737205,88.34596869579732,Park Street,Local,60,13.22,Clear,34.4,40.0,0,1,0,22.69,High
2026-06-12,21:00,28.56083649934414,77.20366809019706,Ring Road,Highway,137,77.98,Clear,36.6,34.2,0,1,0,3.85,Moderate
2026-06-25,02:00,28.628049239825344,77.22736461771613,Connaught Place Inner Circle,Arterial,94,33.56,Clear,28.9,58.5,0,1,0,8.94,Moderate
2026-06-12,07:30,28.63352050932052,77.27946527037652,Vikas Marg,Arterial,148,20.46,Clear,30.6,52.7,0,0,0,14.66,Moderate
2026-06-16,14:45,28.565103004720036,77.21853317731588,Ring Road,Highway,164,83.03,Clear,41.5,55.3,0,1,0,3.61,Moderate
2026-06-25,06:00,28.583725470114082,77.21780533878126,Lodi Road,Local,32,20.74,Clear,28.1,54.5,0,1,0,14.46,Moderate
2026-06-09,07:45,22.55182154051004,88.36059919351088,Park Street,Local,73,9.54,Clear,32.4,39.8,0,1,0,31.45,High
2026-06-14,06:30,28.63561570097234,77.21892554395139,Connaught Place Inner Circle,Arterial,51,46.52,Clear,28.4,33.2,0,1,0,6.45,Low
2026-06-29,03:00,22.550888347585555,88.35309682182603,Park Street,Local,33,28.04,Clear,30.3,57.9,0,1,0,10.7,Moderate
2026-06-26,22:45,28.646551179969798,77.27658684483832,Vikas Marg,Arterial,64,24.24,Rainy,24.2,93.0,0,1,0,12.37,Moderate
2026-06-10,11:45,28.58749659942718,77.2283487206578,Lodi Road,Local,28,6.76,Clear,35.3,51.1,1,1,0,44.41,High
2026-06-24,16:30,28.57144541179849,77.20296173859906,Ring Road,Highway,174,69.7,Clear,28.7,38.4,0,0,0,4.3,Moderate
2026-06-11,23:30,28.454341105430228,77.03004271094812,MG Road,Highway,143,42.15,Rainy,25.8,99.7,0,1,0,7.12,Moderate
2026-06-28,03:30,28.463416256135815,77.03376717609628,MG Road,Highway,113,52.44,Rainy,24.8,81.9,0,1,0,5.72,Low
2026-06-30,09:30,28.580069470424814,77.23299387236558,Lodi Road,Local,71,12.97,Clear,41.8,45.5,0,1,0,23.13,High
2026-06-16,15:30,22.545580595820972,88.34928419149226,Park Street,Local,35,25.81,Clear,40.4,55.5,0,1,0,11.62,Moderate
2026-06-14,17:15,28.591070035382163,77.21460123167694,Lodi Road,Local,43,11.96,Clear,31.1,51.4,0,1,0,25.09,High
2026-06-22,22:15,28.6147508046111,77.20917628153678,Grand Trunk Road,Highway,157,50.51,Foggy,13.9,98.4,0,1,0,5.94,Moderate
2026-06-19,03:30,28.607804859755962,77.21344904230523,Grand Trunk Road,Highway,136,82.69,Clear,41.9,44.1,0,1,0,3.63,Moderate
2026-06-28,00:45,28.61495529933671,77.21044584938342,Grand Trunk Road,Highway,97,71.96,Clear,39.9,39.5,0,1,0,4.17,Low
2026-06-23,01:30,28.63417837435231,77.12342287033648,Outer Ring Road,Highway,162,55.06,Rainy,27.9,93.9,0,0,0,5.45,Moderate
2026-06-28,06:00,28.625524138871892,77.2199302742173,Connaught Place Inner Circle,Arterial,56,39.02,Clear,29.0,41.9,0,1,0,7.69,Low
2026-06-30,21:15,28.456063053349492,77.01970083233455,MG Road,Highway,152,63.6,Clear,28.5,39.1,0,1,0,4.72,Moderate
2026-06-20,14:30,28.540745303232274,77.17114046150024,Nelson Mandela Marg,Arterial,59,33.26,Clear,41.7,45.5,0,1,0,9.02,Moderate
2026-06-09,11:00,28.535286673486628,77.15591745933234,Nelson Mandela Marg,Arterial,67,29.55,Rainy,25.5,84.8,0,1,0,10.15,Moderate
2026-06-29,22:30,22.551942226570002,88.35101345797355,Park Street,Local,25,28.55,Clear,38.6,30.4,0,0,0,10.51,Moderate
2026-06-26,15:00,28.632206605397787,77.26614322203663,Vikas Marg,Arterial,83,37.99,Clear,34.1,42.0,0,0,0,7.9,Low
2026-06-24,04:00,28.60766872616159,77.17702079767831,Sardar Patel Marg,Arterial,82,38.21,Clear,37.0,30.8,0,1,0,7.85,Low
2026-06-05,11:30,28.61306505780983,77.20991233578633,Grand Trunk Road,Highway,132,73.31,Clear,30.9,38.2,0,0,0,4.09,Moderate
2026-06-26,09:15,22.540223772969206,88.34867951260587,Park Street,Local,72,13.35,Clear,34.9,50.8,0,1,0,22.46,High
2026-06-03,16:30,28.632248790875593,77.28081229503282,Vikas Marg,Arterial,93,44.01,Clear,38.9,40.2,0,1,0,6.82,Low
2026-06-17,19:45,28.58256472304808,77.22205457772353,Lodi Road,Local,84,12.05,Clear,29.4,31.6,0,1,0,24.91,High
2026-06-21,04:30,28.640168757762467,77.2784367442434,Vikas Marg,Arterial,51,47.93,Clear,31.0,58.4,0,1,0,6.26,Low
2026-06-11,10:15,28.59783061002747,77.18475408365518,Sardar Patel Marg,Arterial,116,15.46,Clear,39.7,56.0,0,1,1,19.41,Moderate
2026-06-13,00:15,28.53626456144849,77.16592610834454,Nelson Mandela Marg,Arterial,45,19.39,Snowy,4.9,88.8,0,1,0,15.47,Moderate
2026-06-13,12:15,28.59560505058038,77.17568903688978,Sardar Patel Marg,Arterial,64,38.0,Clear,29.7,33.5,0,1,0,7.9,Low
2026-06-21,05:15,28.605557826433866,77.20956740242595,Grand Trunk Road,Highway,126,-50.0,Foggy,10.4,98.4,0,1,0,5.15,Moderate
2026-06-15,00:00,28.560524308638186,77.20433618213173,Ring Road,Highway,177,58.99,Clear,38.3,57.5,0,1,0,5.09,Moderate
2026-06-26,07:15,28.53714762365962,77.15806242319447,Nelson Mandela Marg,Arterial,137,18.74,Clear,33.0,37.8,0,1,0,16.01,Moderate
2026-06-05,14:00,28.636850744858464,77.22669599826582,Connaught Place Inner Circle,Arterial,64,23.9,Snowy,3.7,71.1,0,1,0,12.55,Moderate
2026-06-25,21:30,28.61143477939876,77.21399156599952,Grand Trunk Road,Highway,136,55.13,Rainy,25.7,88.3,0,1,0,5.44,Moderate
2026-06-05,20:00,28.55153273674148,77.16540863411205,Nelson Mandela Marg,Arterial,143,19.85,Clear,31.4,36.2,0,1,0,15.11,Moderate
2026-06-26,01:15,28.564363254360657,77.20227115184399,Ring Road,Highway,153,59.75,Clear,39.9,46.6,0,1,0,5.02,Moderate
2026-06-02,10:30,22.553902745113472,88.35470619102706,Park Street,Local,68,11.46,Clear,41.7,48.2,0,1,0,26.17,High
2026-06-23,09:30,28.619573060254822,77.20693085564643,Grand Trunk Road,Highway,289,20.7,Rainy,25.7,96.8,0,1,0,14.49,High
2026-06-16,10:15,28.631145268334283,77.21690238317966,Connaught Place Inner Circle,Arterial,194,5.0,Clear,37.8,42.3,1,1,0,60.0,High
2026-06-29,21:00,28.53497870126144,77.15987180678064,Nelson Mandela Marg,Arterial,68,33.48,Clear,33.0,56.8,0,1,0,8.96,Moderate
2026-06-11,15:00,28.591555694341924,77.22473314027096,Lodi Road,Local,35,15.65,Rainy,22.7,91.9,0,1,0,19.17,Moderate
2026-06-26,13:30,22.54942531507947,88.35671032122782,Park Street,Local,30,25.33,Clear,40.5,45.4,0,1,0,11.85,Moderate
2026-06-07,16:30,28.592548104121878,77.21814567756952,Lodi Road,Local,19,25.84,Clear,31.3,40.3,0,1,0,11.61,Moderate
2026-06-17,11:30,28.461236822360416,77.0315087894837,MG Road,Highway,134,82.14,Clear,40.6,48.2,0,1,0,3.65,Moderate
2026-06-23,15:45,28.533635649452407,77.15735718278368,Nelson Mandela Marg,Arterial,90,43.15,Clear,39.3,31.7,0,0,0,6.95,Low
2026-06-28,10:45,28.63224077804336,77.11795711198091,Outer Ring Road,Highway,268,19.45,Foggy,14.9,95.8,0,1,0,15.43,High
2026-06-01,19:00,28.595473584728087,77.17550872877233,Sardar Patel Marg,Arterial,202,17.06,Clear,38.7,32.6,0,1,0,17.59,Moderate
2026-06-12,01:00,28.63268829353878,77.11126749940946,Outer Ring Road,Highway,127,78.24,Clear,29.9,30.1,0,1,0,3.83,Moderate
2026-06-18,13:00,28.62091454920033,77.21391949051097,Grand Trunk Road,Highway,164,29.96,Snowy,-3.2,71.7,0,1,0,10.01,Moderate
2026-06-03,20:00,28.59281003849531,77.2304907426184,Lodi Road,Local,69,10.7,Clear,35.3,40.8,0,1,0,28.05,High
2026-06-15,00:00,28.63288203088364,77.21849562123829,Connaught Place Inner Circle,Arterial,71,37.33,Clear,35.4,32.0,0,1,0,8.04,Low
2026-06-15,14:00,28.627098112293144,77.21048544145326,Connaught Place Inner Circle,Arterial,88,34.29,Clear,36.0,59.9,0,1,0,8.75,Moderate
2026-06-27,09:00,28.640097793697425,77.28104917371482,Vikas Marg,Arterial,126,19.96,Clear,33.3,43.7,0,1,0,15.03,Moderate
2026-06-11,04:45,28.634278968889344,77.21855448886694,Connaught Place Inner Circle,Arterial,78,28.97,Rainy,26.7,88.0,0,0,0,10.36,Moderate
2026-06-28,10:45,28.56942908470869,77.2003622036764,Ring Road,Highway,242,18.56,Rainy,28.3,80.5,0,0,0,16.16,Moderate
2026-06-14,04:00,28.596311370258135,77.22351678742808,Lodi Road,Local,17,27.44,Clear,39.7,40.0,0,1,0,10.93,Moderate
2026-06-09,02:30,28.60505706897196,77.1670926404601,Sardar Patel Marg,Arterial,79,22.77,Rainy,29.4,89.3,0,1,0,13.18,Moderate
2026-06-20,05:00,28.625364528855144,77.21925263908183,Connaught Place Inner Circle,Arterial,51,34.38,Clear,36.1,49.0,0,1,0,8.73,Moderate
2026-06-08,16:30,28.466712640357812,77.02730139437868,MG Road,Highway,173,57.02,Clear,38.5,36.3,0,0,0,5.26,Moderate
2026-06-19,14:15,28.641749072084682,77.11588089358442,Outer Ring Road,Highway,129,82.49,Clear,33.6,46.8,0,1,0,3.64,Moderate
2026-06-28,00:30,28.594414893462872,77.17987999086479,Sardar Patel Marg,Arterial,51,29.06,Rainy,28.9,88.2,0,1,1,10.32,Moderate
2026-06-01,14:45,28.593798321707464,77.21807089324109,Lodi Road,Local,33,22.05,Clear,38.1,55.7,0,1,0,13.61,Moderate
2026-06-07,00:30,22.556726716370424,88.34256003847021,Park Street,Local,25,28.25,Clear,40.3,49.3,0,1,0,10.62,Moderate
2026-06-05,04:15,28.632205898850298,77.21306127281645,Connaught Place Inner Circle,Arterial,95,41.05,Clear,40.1,36.6,0,0,0,7.31,Low
2026-06-19,16:15,22.554797105118947,88.35080427008938,Park Street,Local,31,29.01,Clear,33.6,36.5,0,0,0,10.34,Moderate
2026-06-18,20:15,28.562646146530387,77.20036781353095,Ring Road,Highway,315,36.54,Clear,35.8,49.5,0,0,0,8.21,High
2026-06-13,20:30,28.46414369156918,77.02161461321123,MG Road,Highway,249,24.44,Rainy,25.2,95.4,0,0,0,12.27,Moderate
2026-06-04,16:30,28.54834157981406,77.16304386792714,Nelson Mandela Marg,Arterial,93,32.5,Clear,34.7,49.9,0,0,0,9.23,Moderate
2026-06-17,12:30,28.63194027755783,77.2826305932062,Vikas Marg,Arterial,87,27.27,Rainy,22.9,81.5,0,1,0,11.0,Moderate
2026-06-12,11:30,22.54031866820739,88.34385530688158,Park Street,Local,35,24.46,Clear,33.1,32.7,0,1,0,12.26,Moderate
2026-06-17,22:00,28.645167848278913,77.1227789877067,Outer Ring Road,Highway,133,11.99,Rainy,24.0,89.8,1,1,0,25.02,High
2026-06-26,20:15,28.6007652751394,77.18698706999132,Sardar Patel Marg,Arterial,232,20.61,Clear,37.8,38.9,0,1,0,14.56,Moderate
2026-06-07,16:15,22.547902873700725,88.35274869152143,Park Street,Local,20,23.15,,29.7,32.3,0,0,0,12.96,Moderate
2026-06-13,17:00,28.614668029807618,77.21223310350162,Grand Trunk Road,Highway,251,35.26,Clear,31.3,30.7,0,1,0,8.51,High
2026-06-17,20:45,22.53898970867257,88.34335367671954,Park Street,Local,60,6.65,Rainy,29.9,95.4,0,0,0,45.13,High
2026-06-30,04:00,28.635744779833082,77.11592616240912,Outer Ring Road,Highway,143,54.84,Rainy,22.4,82.2,0,1,0,5.47,Moderate
2026-06-24,13:45,28.533388220046245,77.1626516155157,Nelson Mandela Marg,Arterial,71,41.72,Clear,30.3,59.7,0,1,0,7.19,Low
2026-06-09,16:15,28.589938907142958,77.17468181222984,Sardar Patel Marg,Arterial,92,34.78,Clear,28.8,59.1,0,1,0,8.63,Moderate
2026-06-17,23:30,28.599304958486293,77.17682372681737,Sardar Patel Marg,Arterial,82,46.04,Clear,31.1,46.1,0,0,0,6.52,Low
2026-06-03,01:45,28.625859187497127,77.2172335365666,Connaught Place Inner Circle,Arterial,73,43.13,Clear,41.0,52.1,0,0,0,6.96,Low
2026-06-16,12:45,28.599652050388016,77.18624243945185,Sardar Patel Marg,Arterial,82,29.99,Rainy,26.0,89.6,0,1,0,10.0,Moderate
2026-06-08,00:30,28.621472599727102,77.21494852043215,Grand Trunk Road,Highway,160,60.44,Clear,39.7,50.9,0,1,0,4.96,Moderate
2026-06-10,09:45,28.5983094001754,77.18458142960456,Sardar Patel Marg,Arterial,191,18.84,Clear,30.3,54.5,0,0,0,15.92,Moderate
2026-06-02,23:00,28.615096886246178,77.20131687713561,Grand Trunk Road,Highway,177,82.1,Clear,38.7,46.2,0,1,0,3.65,Moderate
2026-06-18,03:30,28.468244569744726,77.03035771444601,MG Road,Highway,123,58.61,Rainy,27.7,89.5,0,1,0,5.12,Moderate
2026-06-12,06:00,28.641651472868038,77.27768791718458,Vikas Marg,Arterial,85,47.95,Clear,34.8,53.1,0,0,0,6.26,Low
2026-06-15,22:00,28.605943872393876,77.21608419548923,Grand Trunk Road,Highway,159,60.23,Clear,29.2,50.4,0,1,0,4.98,Moderate
2026-06-20,05:30,28.549790490218957,77.17144720184184,Nelson Mandela Marg,Arterial,45,26.53,Foggy,14.1,98.4,0,1,0,11.31,Moderate
2026-06-29,20:45,28.633184914765586,77.11407402498553,Outer Ring Road,Highway,230,24.67,Rainy,28.1,92.5,0,1,0,12.16,Moderate
2026-06-30,11:45,28.57782463670333,77.22646654530246,Lodi Road,Local,30,23.1,Clear,34.9,31.9,0,1,0,12.98,Moderate
2026-06-18,13:30,28.60413241079816,77.2004489377559,Grand Trunk Road,Highway,166,58.94,Clear,37.7,55.8,0,1,0,5.09,Moderate
2026-06-15,15:15,28.605955848089856,77.21041809003688,Grand Trunk Road,Highway,139,65.82,Clear,35.8,30.3,0,0,0,4.56,Moderate
2026-06-07,01:15,28.620390280937936,77.20615602701857,Grand Trunk Road,Highway,79,56.88,Clear,39.2,36.0,0,1,0,5.27,Low
2026-06-09,17:45,28.46183209163725,77.02885888349732,MG Road,Highway,295,35.5,Clear,39.2,40.2,0,1,0,8.45,High
2026-06-28,09:15,28.59861807662898,77.16781508212186,Sardar Patel Marg,Arterial,147,20.09,Clear,31.5,34.8,0,0,0,14.94,Moderate
2026-06-06,17:30,22.539673233154147,88.34553345088294,Park Street,Local,35,7.76,Foggy,19.7,94.8,0,0,0,38.67,High
2026-06-20,04:45,28.546143381395325,77.16915413042399,Nelson Mandela Marg,Arterial,58,29.19,Rainy,26.0,90.9,0,1,0,10.28,Moderate
2026-06-19,18:15,28.57305912189211,77.21310018677664,Ring Road,Highway,295,27.46,Clear,36.7,48.9,0,1,0,10.92,High
2026-06-13,08:15,28.56081953905419,77.21708770186738,Ring Road,Highway,223,36.01,Clear,36.3,47.4,0,1,0,8.33,Moderate
2026-06-24,03:00,28.538103801284493,77.16976946251373,Nelson Mandela Marg,Arterial,74,34.33,Clear,40.4,43.3,0,1,0,8.74,Moderate
2026-06-01,21:45,28.536574285451753,77.16664289973208,Nelson Mandela Marg,Arterial,89,45.83,Clear,33.0,46.0,0,1,0,6.55,Low
2026-06-18,13:15,28.453616824200733,77.01883839238796,MG Road,Highway,133,58.89,Clear,28.7,49.2,0,0,0,5.09,Moderate
2026-06-21,17:45,28.62123145718101,77.21066686401923,Connaught Place Inner Circle,Arterial,115,15.31,Clear,32.5,59.2,0,1,0,19.6,Moderate
2026-06-23,07:15,28.64279361525473,77.26983706904247,Vikas Marg,Arterial,178,17.09,Clear,30.2,37.0,0,1,0,17.55,Moderate
2026-06-15,07:00,28.56208294580845,77.21661754382683,Ring Road,Highway,311,13.27,Snowy,1.9,86.9,0,1,0,22.6,High
2026-06-09,00:00,28.577188274515414,77.20096424077721,Ring Road,Highway,98,47.79,Rainy,22.7,85.8,0,1,1,6.28,Low
2026-06-19,12:30,28.572445702695532,77.21595627297717,Ring Road,Highway,157,66.65,Clear,37.1,39.9,0,1,0,4.5,Moderate
2026-06-03,11:15,28.58972970949971,77.22541373776991,Lodi Road,Local,29,25.19,Clear,37.4,48.6,0,1,0,11.91,Moderate
2026-06-25,11:00,28.46778473031903,77.0328753257664,MG Road,Highway,165,82.75,Clear,35.5,48.2,0,1,0,3.63,Moderate
2026-06-15,20:45,28.53551555971367,77.15445125749956,Nelson Mandela Marg,Arterial,94,19.22,Clear,33.3,35.9,0,1,1,15.6,Moderate
2026-06-30,17:15,28.632018641065258,77.2094925267831,Connaught Place Inner Circle,Arterial,158,15.17,Clear,29.7,35.4,0,1,0,19.78,Moderate
2026-06-20,03:15,28.592704568930948,77.18535504978344,Sardar Patel Marg,Arterial,65,35.65,Clear,28.6,49.0,0,1,0,8.42,Low
2026-06-25,09:45,28.59073211826846,77.21799546885656,Lodi Road,Local,79,12.45,Clear,31.6,39.1,0,1,0,24.1,High
2026-06-15,16:30,28.598035353574744,77.17873216926351,Sardar Patel Marg,Arterial,9999,42.21,Clear,35.5,35.4,0,0,0,7.11,Low
2026-06-30,01:45,28.585618119918113,77.22638952670373,Lodi Road,Local,32,21.28,Clear,33.7,42.8,0,1,0,14.1,Moderate
2026-06-07,12:15,28.63246438820427,77.2144445426551,Connaught Place Inner Circle,Arterial,50,45.31,Clear,36.3,42.0,0,1,0,6.62,Low
2026-06-08,05:45,28.532998632114186,77.16710336447656,Nelson Mandela Marg,Arterial,85,12.28,Clear,32.5,40.0,1,1,0,24.44,High
2026-06-22,11:15,28.56612704702395,77.20667139098944,Ring Road,Highway,88,65.73,Clear,37.7,36.0,0,1,1,4.56,Low
2026-06-13,22:45,28.645908999215795,77.12854355638959,Outer Ring Road,Highway,103,78.06,Clear,38.3,53.1,0,0,1,3.84,Low
2026-06-20,01:00,28.616069728253198,77.20913676863641,Grand Trunk Road,Highway,108,67.12,Clear,31.7,40.8,0,1,0,4.47,Low
2026-06-06,02:15,22.557647740382045,88.35976673323448,Park Street,Local,19,20.15,Foggy,18.5,88.1,0,1,0,14.89,Moderate
2026-06-14,08:30,28.452325560985507,77.02083964981804,MG Road,Highway,306,36.83,Clear,37.7,40.4,0,1,0,8.15,High
2026-06-29,19:30,28.61602505875502,77.21429619601807,Grand Trunk Road,Highway,200,18.72,Rainy,27.3,82.4,0,1,1,16.03,Moderate
2026-06-06,10:15,28.63749023377266,77.26791329368524,Vikas Marg,Arterial,98,16.54,Clear,33.4,46.9,0,1,0,18.14,Moderate
2026-06-09,13:30,22.54358360208432,88.34514498737374,Park Street,Local,26,21.74,Clear,36.7,49.0,0,0,0,13.8,Moderate
2026-06-05,19:30,28.639240829278233,77.27432166767781,Vikas Marg,Arterial,208,17.4,Clear,33.1,42.4,0,0,0,17.25,Moderate
2026-06-10,22:15,28.53198384553646,77.1594962641749,Nelson Mandela Marg,Arterial,84,32.68,Clear,32.5,55.0,0,0,0,9.18,Moderate
2026-06-21,19:45,28.606094723973552,77.20995918977948,Grand Trunk Road,Highway,229,35.09,Clear,30.1,39.7,0,1,0,8.55,Moderate
2026-06-09,08:00,28.62300669373008,77.21473806772511,Grand Trunk Road,Highway,329,30.07,Clear,31.9,57.9,0,1,0,9.98,High
2026-06-28,22:45,28.46223339364334,77.0288786716952,MG Road,Highway,74,78.46,,41.8,43.3,0,1,0,3.82,Low
2026-06-21,07:15,28.6206421695047,77.22683002796599,Connaught Place Inner Circle,Arterial,121,10.43,Foggy,19.7,99.1,0,1,0,28.77,High
2026-06-28,16:30,28.589418899220618,77.16864343334953,Sardar Patel Marg,Arterial,43,47.36,Clear,41.7,50.0,0,0,0,6.33,Low
2026-06-21,03:45,22.539639024468634,88.36166977555189,Park Street,Local,22,21.11,Clear,34.8,57.6,0,0,0,14.21,Moderate
2026-06-27,13:45,28.561692312236875,77.20744334047674,Ring Road,Highway,110,74.8,Clear,31.8,57.8,0,1,0,4.01,Low
2026-06-15,17:00,22.556385373199955,88.34746863240584,Park Street,Local,74,13.43,Clear,39.8,51.9,0,1,0,22.34,High
2026-06-02,20:30,28.46029112440991,77.03115894353462,MG Road,Highway,295,23.04,Foggy,14.9,87.3,0,1,0,13.02,High
2026-06-07,11:30,28.460800439857177,77.03037770604101,MG Road,Highway,125,61.43,Clear,30.3,46.7,0,0,0,4.88,Moderate
2026-06-21,13:30,28.60215120625556,77.17321857860016,Sardar Patel Marg,Arterial,64,32.18,Clear,33.3,46.2,0,1,0,9.32,Moderate
2026-06-11,15:30,28.596961469602387,77.22185881502605,Lodi Road,Local,28,22.17,Clear,35.0,33.7,0,1,0,13.53,Moderate
2026-06-08,06:00,28.596830513963557,77.17525243681698,Sardar Patel Marg,Arterial,76,43.57,Clear,30.5,41.6,0,1,0,6.88,Low
2026-06-04,23:15,28.54319967574856,77.16552969175919,Nelson Mandela Marg,Arterial,74,43.13,Clear,36.4,30.7,0,0,0,6.96,Low
2026-06-19,15:00,28.60315361869482,77.18277229929346,Sardar Patel Marg,Arterial,71,47.97,Clear,34.1,32.7,0,1,0,6.25,Low
2026-06-04,19:45,28.4623513039907,77.02502496106588,MG Road,Highway,410,37.54,Clear,41.9,52.4,0,1,0,7.99,High
2026-06-30,21:00,28.620923934170644,77.20818383527782,Connaught Place Inner Circle,Arterial,91,,Rainy,28.3,81.1,0,1,0,10.88,Moderate
2026-06-05,03:15,28.644752866195915,77.27496373773477,Vikas Marg,Arterial,88,35.6,Clear,40.7,57.3,0,0,0,8.43,Low
2026-06-04,20:15,28.59282750172058,77.22763910312536,Lodi Road,Local,66,5.0,Clear,28.5,38.3,1,1,0,60.0,High
2026-06-13,03:45,28.593334211139105,77.2158073231513,Lodi Road,Local,22,27.32,Clear,35.9,40.4,0,0,0,10.98,Moderate
2026-06-21,09:15,28.63125976417067,77.28344271228565,Vikas Marg,Arterial,101,,Clear,38.2,59.4,0,1,0,14.02,Moderate
2026-06-21,03:30,28.581460308884697,77.21494070320595,Lodi Road,Local,21,18.95,Rainy,26.5,90.5,0,0,0,15.83,Moderate
2026-06-02,00:15,28.61615800321724,77.2035229410318,Grand Trunk Road,Highway,147,35.64,Snowy,3.5,86.7,0,1,0,8.42,Moderate
2026-06-27,09:30,28.645739402698354,77.11223871854044,Outer Ring Road,Highway,211,25.38,Rainy,23.6,85.2,0,0,0,11.82,Moderate
2026-06-29,08:45,28.452732396225716,77.02170986689312,MG Road,Highway,253,23.43,Rainy,22.2,81.3,0,0,1,12.8,High
2026-06-05,18:30,28.585747627809706,77.21636815943951,Lodi Road,Local,69,13.12,Clear,32.0,53.8,0,1,0,22.87,High
2026-06-06,11:15,28.64040381046503,77.11895205880641,Outer Ring Road,Highway,102,56.72,Rainy,29.2,85.5,0,0,0,5.29,Low
2026-06-22,18:45,28.540406468367365,77.1666059605014,Nelson Mandela Marg,Arterial,145,21.58,Clear,32.5,59.7,0,1,0,13.9,Moderate
2026-06-27,04:00,28.59754979375841,77.17024466811566,Sardar Patel Marg,Arterial,64,46.69,Clear,39.5,36.3,0,0,0,6.43,Low
2026-06-11,01:30,28.463704855972466,77.02288700226367,MG Road,Highway,172,59.16,Clear,31.6,54.6,0,0,0,5.07,Moderate
2026-06-20,01:00,28.59101274957047,77.17179748225513,Sardar Patel Marg,Arterial,62,36.06,Clear,36.6,43.1,0,1,0,8.32,Low
2026-06-02,02:45,28.60642529483129,77.21252355124152,Grand Trunk Road,Highway,179,65.53,,30.3,49.7,0,0,0,4.58,Moderate
2026-06-21,02:00,28.599253095062902,77.17310621353394,Sardar Patel Marg,Arterial,67,46.52,Clear,41.1,56.1,0,0,0,6.45,Low
2026-06-14,05:15,22.54218162140712,88.35009518774854,Park Street,Local,18,29.18,Clear,33.3,59.3,0,1,0,10.28,Moderate
2026-06-14,18:30,22.541349079188457,88.35645376652661,Park Street,Local,51,6.65,Rainy,22.1,99.3,0,1,0,45.08,High
2026-06-17,08:45,28.45190494453023,77.01796681871065,MG Road,Highway,320,36.25,Clear,39.5,32.2,0,0,0,8.28,High
2026-06-09,23:30,28.57055609366453,77.21186443140215,Ring Road,Highway,145,72.05,Clear,39.7,38.6,0,1,0,4.16,Moderate
2026-06-03,11:00,28.53287281818573,77.17092747028771,Nelson Mandela Marg,Arterial,66,,Clear,28.5,56.1,0,0,0,6.96,Low
2026-06-15,14:00,28.636338931755823,77.11869191921718,Outer Ring Road,Highway,146,74.94,Clear,30.4,58.4,0,1,0,4.0,Moderate
2026-06-22,11:15,28.636390226552898,77.27555334137243,Vikas Marg,Arterial,77,32.64,Clear,41.8,38.1,0,0,0,9.19,Moderate
2026-06-28,09:00,28.450412974910048,77.01940048195107,MG Road,Highway,228,25.82,Clear,36.7,44.1,0,1,0,11.62,Moderate
2026-06-26,06:00,28.630734427250015,77.11216051508262,Outer Ring Road,Highway,136,78.91,Clear,33.6,31.3,0,0,0,3.8,Moderate
2026-06-09,06:00,28.538504462856032,77.16444823877436,Nelson Mandela Marg,Arterial,69,46.12,Clear,34.3,57.9,0,1,0,6.51,Low
2026-06-01,12:15,28.536763465083823,77.16779215705832,Nelson Mandela Marg,Arterial,44,30.09,Rainy,22.0,92.7,0,1,1,9.97,Moderate
2026-06-04,17:00,28.570505842039562,77.21600709758046,Ring Road,Highway,262,33.75,Clear,38.5,32.1,0,1,0,8.89,High
2026-06-14,17:30,28.574960781287203,77.21197384804637,Ring Road,Highway,182,25.35,Clear,40.2,51.7,0,0,0,11.84,Moderate
2026-06-15,04:00,28.629377061433495,77.20938784761088,Connaught Place Inner Circle,Arterial,66,38.46,Clear,34.5,54.5,0,1,0,7.8,Low
2026-06-30,11:15,22.549650687370644,88.35953484989837,Park Street,Local,25,23.7,Clear,36.1,52.8,0,0,0,12.66,Moderate
2026-06-07,01:45,28.463611717252874,77.03036810036984,MG Road,Highway,110,56.19,Clear,28.6,52.9,0,1,0,5.34,Low
2026-06-08,01:45,28.605925198292304,77.21594278979389,Grand Trunk Road,Highway,128,49.11,Foggy,14.5,95.3,0,0,0,6.11,Moderate
2026-06-11,09:30,28.630686044055075,77.26997728141411,Vikas Marg,Arterial,164,14.56,Rainy,25.7,85.8,0,1,0,20.61,High
2026-06-29,12:30,28.648597159461186,77.27670762242437,Vikas Marg,Arterial,48,44.19,Clear,33.4,40.2,0,1,1,6.79,Low
2026-06-13,18:15,22.547608827006247,88.34834666498703,Park Street,Local,45,11.82,Clear,31.8,59.0,0,1,0,25.38,High
2026-06-28,17:45,28.636735576013088,77.285676967778,Vikas Marg,Arterial,127,13.07,Rainy,25.7,94.6,0,0,0,22.96,High
2026-06-12,21:00,28.57164286470912,77.2106677325753,Ring Road,Highway,148,82.58,Clear,28.8,50.4,0,1,0,3.63,Moderate
2026-06-06,22:15,28.608619747563253,77.17666814871947,Sardar Patel Marg,Arterial,67,46.31,Clear,35.9,43.2,0,1,0,6.48,Low
2026-06-15,03:30,28.566069116727636,77.21204233970708,Ring Road,Highway,117,80.74,Clear,29.5,55.6,0,0,1,3.72,Low
2026-06-23,15:15,28.541808649780084,77.16683185022187,Nelson Mandela Marg,Arterial,68,44.87,Clear,38.1,50.8,0,1,0,6.69,Low
2026-06-30,14:30,28.6446610237972,77.12057156219444,Outer Ring Road,Highway,99,60.0,Clear,39.6,38.8,0,1,1,5.0,Low
2026-06-09,00:45,28.648741820569178,77.12643853271881,Outer Ring Road,Highway,136,64.57,Clear,33.6,51.7,0,0,0,4.65,Moderate
2026-06-13,01:00,28.632219961975828,77.12616470420019,Outer Ring Road,Highway,117,58.04,Clear,32.2,32.3,0,0,1,5.17,Low
2026-06-07,02:45,28.63590580988096,77.11464768646113,Outer Ring Road,Highway,122,56.94,Clear,31.7,30.7,0,0,0,5.27,Moderate
2026-06-22,16:30,28.627556281682274,77.2206563489198,Connaught Place Inner Circle,Arterial,66,43.42,Clear,36.2,48.7,0,0,0,6.91,Low
2026-06-30,03:00,28.634763881189222,77.27159940237888,Vikas Marg,Arterial,92,36.34,,33.6,34.8,0,1,0,8.25,Low
2026-06-26,17:45,28.610251735905223,77.1990026938601,Grand Trunk Road,Highway,359,24.93,Rainy,26.7,89.3,0,1,0,12.03,High
2026-06-04,03:15,28.631699687153507,77.22503095963498,Connaught Place Inner Circle,Arterial,94,39.9,Clear,40.7,41.3,0,1,0,7.52,Low
2026-06-23,09:30,28.62250341930877,77.21588497404812,Grand Trunk Road,Highway,413,26.53,Clear,37.3,59.0,0,0,0,11.31,High
2026-06-17,04:15,28.633086794794227,77.2276893249643,Connaught Place Inner Circle,Arterial,48,44.28,Clear,34.1,43.7,0,0,1,6.77,Low
2026-06-02,15:00,28.568241387293067,77.20831595001374,Ring Road,Highway,160,59.82,Clear,40.3,36.5,0,0,0,5.01,Moderate
2026-06-06,11:45,22.541314485379843,88.35704193100864,Park Street,Local,18,25.16,Clear,30.8,56.7,0,0,0,11.92,Moderate
2026-06-06,23:15,28.54536088887672,77.15913777767108,Nelson Mandela Marg,Arterial,55,39.43,Clear,33.8,44.8,0,0,0,7.61,Low
2026-06-01,19:30,28.629533136367655,77.27375295159185,Vikas Marg,Arterial,121,10.69,Rainy,26.2,99.5,0,1,0,28.07,High
2026-06-25,00:30,28.45821015250944,77.02324198730787,MG Road,Highway,137,79.72,Clear,33.2,30.0,0,1,0,3.76,Moderate
2026-06-23,23:45,28.588739265027428,77.23109526240576,Lodi Road,Local,35,20.6,Clear,40.6,51.3,0,1,0,14.57,Moderate
2026-06-23,04:45,28.600644175195363,77.18680417787176,Sardar Patel Marg,Arterial,47,41.96,Clear,41.5,32.3,0,0,1,7.15,Low
2026-06-13,20:45,28.595302940782652,77.1725247464995,Sardar Patel Marg,Arterial,117,19.5,Clear,37.4,37.8,0,1,0,15.39,Moderate
2026-06-20,19:00,28.571001931164755,77.21861213609692,Ring Road,Highway,221,35.37,Clear,41.4,45.9,0,0,0,8.48,Moderate
2026-06-30,02:15,28.568137192819503,77.20360615870845,Ring Road,Highway,128,,Clear,40.6,50.2,1,1,0,14.93,Moderate
2026-06-28,15:45,28.45167786627962,77.02933077293507,MG Road,Highway,106,58.43,,15.7,88.9,0,1,0,5.13,Low
2026-06-29,01:00,28.64528783253917,77.28044245213687,Vikas Marg,Arterial,50,42.25,Clear,41.7,52.7,0,0,1,7.1,Low
2026-06-18,21:00,22.554426976812287,88.36150335569458,Park Street,Local,35,22.22,Clear,28.1,40.7,0,1,0,13.5,Moderate
2026-06-27,21:00,28.64696084179203,77.12457722884541,Outer Ring Road,Highway,100,20.96,Clear,40.5,30.0,1,1,0,14.32,Moderate
2026-06-20,19:00,28.59302015846991,77.22193448132805,Lodi Road,Local,51,12.81,Clear,34.2,38.3,0,1,0,23.41,High
2026-06-20,22:15,28.607731858914697,77.21736478173351,Grand Trunk Road,Highway,101,53.3,Rainy,23.8,99.1,0,1,0,5.63,Low
2026-06-26,18:30,28.64160177669339,77.12033396770452,Outer Ring Road,Highway,344,32.06,Clear,40.7,55.4,0,1,0,9.36,High
2026-06-07,13:45,28.633722717955067,77.11663129398134,Outer Ring Road,Highway,86,76.35,Clear,32.1,56.4,0,0,0,3.93,Low
2026-06-02,16:30,28.637052052118577,77.12649575712555,Outer Ring Road,Highway,152,57.72,Clear,41.0,41.8,0,1,0,5.2,Moderate
2026-06-07,06:15,28.450592688400018,77.03606156325945,MG Road,Highway,88,67.65,Clear,40.4,31.6,0,1,0,4.43,Low
2026-06-05,15:30,22.55099262023314,88.36022081599315,Park Street,Local,28,25.42,Clear,32.7,60.0,0,1,0,11.8,Moderate
2026-06-10,09:45,28.643220285084947,77.11156911632635,Outer Ring Road,Highway,248,23.94,Rainy,26.7,99.0,0,0,0,12.53,Moderate
2026-06-25,18:45,28.542801833948868,77.16991463706401,Nelson Mandela Marg,Arterial,96,16.88,Clear,30.2,35.4,0,1,1,17.77,Moderate
2026-06-13,05:15,28.573341418077334,77.20390481205912,Ring Road,Highway,107,69.51,Clear,29.7,52.9,0,1,0,4.32,Low
2026-06-18,16:30,28.644424113045222,77.28048887864152,Vikas Marg,Arterial,90,40.02,Clear,39.2,48.5,0,1,0,7.5,Low
2026-06-19,20:00,28.460428606321557,77.03594070550513,MG Road,Highway,407,35.39,Clear,29.7,58.8,0,1,0,8.48,High
2026-06-22,18:00,28.641200583721705,77.27213099330537,Vikas Marg,Arterial,221,14.77,Clear,36.7,47.2,0,1,0,20.31,High
2026-06-05,11:00,28.604295913166947,77.20681364221973,Grand Trunk Road,Highway,134,65.34,Clear,40.3,48.2,0,0,0,4.59,Moderate
2026-06-15,06:45,28.45614912314297,77.01773171312294,MG Road,Highway,126,45.57,Rainy,27.9,82.3,0,1,1,6.58,Moderate
2026-06-30,09:00,28.60729462229913,77.16722961319499,Sardar Patel Marg,Arterial,159,14.93,Clear,41.7,46.7,0,1,0,20.09,High
2026-06-16,01:45,28.624506658774138,77.21736079395117,Connaught Place Inner Circle,Arterial,69,38.89,Clear,30.0,47.9,0,0,0,7.71,Low
2026-06-15,01:15,28.640680891743006,77.27827297556581,Vikas Marg,Arterial,78,40.41,Clear,33.2,46.9,0,1,0,7.42,Low
2026-06-26,09:00,28.574521912672232,77.21893467457846,Ring Road,Highway,358,25.39,Clear,40.4,36.1,0,1,0,11.81,High
2026-06-19,00:15,28.647425342788264,77.2766398014978,Vikas Marg,Arterial,95,27.26,Rainy,23.5,93.4,0,0,0,11.01,Moderate
2026-06-25,14:30,28.638201140509306,77.20938602629222,Connaught Place Inner Circle,Arterial,71,43.21,Clear,34.1,59.9,0,1,0,6.94,Low
2026-06-15,19:30,28.643079881846795,77.12636739132964,Outer Ring Road,Highway,344,32.72,Clear,28.2,32.3,0,0,0,9.17,High
2026-06-18,05:30,28.564644007836502,77.2066606974361,Ring Road,Highway,157,35.3,Snowy,0.4,75.0,0,1,0,8.5,Moderate
2026-06-29,05:30,28.63581485061811,77.21624991300713,Connaught Place Inner Circle,Arterial,85,42.08,Clear,33.2,56.9,0,1,0,7.13,Low
2026-06-28,10:00,28.458052026674064,77.0254509102963,MG Road,Highway,220,25.56,Clear,35.0,53.6,0,1,0,11.74,Moderate
2026-06-18,00:15,28.61918881456151,77.20719342106753,Grand Trunk Road,Highway,159,75.18,Clear,29.0,35.6,0,1,0,3.99,Moderate
2026-06-12,23:15,28.63651689065236,77.20785928809491,Connaught Place Inner Circle,Arterial,89,47.25,Clear,33.0,54.9,0,1,0,6.35,Low
2026-06-26,06:45,28.64134433195508,77.27327040353799,Vikas Marg,Arterial,80,42.83,Clear,33.5,46.6,0,1,0,7.0,Low
2026-06-30,21:00,28.610795628401455,77.20823686962551,Grand Trunk Road,Highway,133,56.06,Clear,30.5,50.8,0,0,0,5.35,Moderate
2026-06-30,21:15,28.56783778158015,77.2157886438839,Ring Road,Highway,134,62.23,Clear,30.3,56.7,0,0,0,4.82,Moderate
2026-06-07,22:30,28.582037886608802,77.22072004989467,Lodi Road,Local,22,25.41,Clear,31.1,58.8,0,1,0,11.81,Moderate
2026-06-29,17:15,28.59723729480835,77.18207189261493,Sardar Patel Marg,Arterial,156,10.8,Rainy,27.1,90.7,0,1,0,27.78,High
2026-06-26,16:30,28.59924569514487,77.16928571539997,Sardar Patel Marg,Arterial,89,40.97,Clear,,30.5,0,1,0,7.32,Low
2026-06-16,21:45,28.536038009215687,77.16859282549817,Nelson Mandela Marg,Arterial,70,28.35,Rainy,25.7,97.5,0,0,0,10.58,Moderate
2026-06-15,02:30,28.636811975153535,77.21579137312807,Connaught Place Inner Circle,Arterial,70,38.23,Clear,39.2,57.1,0,1,0,7.85,Low
2026-06-20,16:00,28.59266163079263,77.23145855767527,Lodi Road,Local,19,27.29,Clear,41.8,36.9,0,0,0,10.99,Moderate
2026-06-27,19:30,28.63137427355448,77.11739148398854,Outer Ring Road,Highway,189,32.11,Clear,28.1,36.5,0,1,0,9.34,Moderate
2026-06-26,04:45,28.589420301867502,77.22302141955252,Lodi Road,Local,32,15.19,Rainy,26.1,82.8,0,1,0,19.75,Moderate
2026-06-26,16:45,28.58473925319469,77.2223151030466,Lodi Road,Local,30,24.74,Clear,37.2,56.7,0,0,0,12.13,Moderate
2026-06-25,07:00,28.457224239856338,77.02837009870318,MG Road,Highway,240,35.56,Clear,,45.2,0,1,0,8.44,Moderate
2026-06-30,05:00,28.576369956713354,77.20862173725246,Ring Road,Highway,136,31.06,Snowy,1.4,78.1,0,1,0,9.66,Moderate
2026-06-21,14:30,28.645175347915984,77.26706280585856,Vikas Marg,Arterial,56,25.31,Rainy,23.5,81.8,0,0,0,11.85,Moderate
2026-06-15,04:45,28.45780481944668,77.03436928219845,MG Road,Highway,173,83.89,Clear,32.5,56.9,0,1,0,3.58,Moderate
2026-06-01,21:00,28.451386548525818,77.03156009472742,MG Road,Highway,164,83.93,Clear,42.0,39.8,0,1,0,3.57,Moderate
2026-06-13,16:30,28.63182324597245,77.21378060544896,Connaught Place Inner Circle,Arterial,56,44.23,Clear,39.0,47.0,0,0,0,6.78,Low
2026-06-23,14:45,28.57132317004238,77.20617911980136,Ring Road,Highway,155,77.19,Clear,36.7,55.9,0,1,0,3.89,Moderate
2026-06-20,15:30,28.57134794000066,77.20778460943383,Ring Road,Highway,107,80.11,Clear,33.2,48.6,0,1,0,3.74,Low
2026-06-11,10:00,28.603302003225675,77.1788631643808,Sardar Patel Marg,Arterial,153,19.07,Clear,33.2,58.3,0,1,0,15.73,Moderate
2026-06-07,03:00,28.6000937541956,77.1819558869952,Sardar Patel Marg,Arterial,53,41.76,Clear,34.4,50.0,0,1,0,7.18,Low
2026-06-03,23:15,28.64605621869649,77.12921840293858,Outer Ring Road,Highway,175,65.94,Clear,36.0,38.3,0,1,0,4.55,Moderate
2026-06-26,16:45,28.463552804117164,77.01793055216422,MG Road,Highway,150,19.95,Clear,37.7,47.9,1,1,0,15.03,Moderate
2026-06-03,18:45,22.544530390978544,88.35835280624705,Park Street,Local,81,10.96,Clear,36.4,48.6,0,1,0,27.37,High
2026-06-29,18:15,28.61728617218324,77.21683786206513,Grand Trunk Road,Highway,289,27.06,Clear,31.0,36.9,0,0,0,11.09,High
2026-06-08,07:45,28.640106076645747,77.21102043647285,Connaught Place Inner Circle,Arterial,133,13.48,Rainy,24.6,86.0,0,1,0,22.26,High
2026-06-18,05:30,28.632910138793306,77.28198047280584,Vikas Marg,Arterial,62,44.49,Clear,29.4,54.9,0,1,1,6.74,Low
2026-06-30,22:00,28.642479969710582,77.11547280835723,Outer Ring Road,Highway,136,46.0,Foggy,14.0,95.7,0,0,0,6.52,Moderate
2026-06-15,09:30,28.570544246743882,77.21554098571303,Ring Road,Highway,297,33.47,Clear,35.9,53.0,0,1,0,8.96,High
2026-06-03,15:15,28.466264608421636,77.02382807558135,MG Road,Highway,174,70.28,Clear,33.8,45.4,0,1,0,4.27,Moderate
2026-06-22,03:45,28.588057941110378,77.23189212164951,Lodi Road,Local,30,22.19,Clear,37.3,34.2,0,0,0,13.52,Moderate
2026-06-29,05:45,28.466014219031212,77.02231415135321,MG Road,Highway,176,76.42,Clear,39.0,37.6,0,1,0,3.93,Moderate
2026-06-09,20:15,28.535102462802605,77.16775529228825,Nelson Mandela Marg,Arterial,145,16.31,Clear,38.5,48.7,0,0,0,18.39,Moderate
2026-06-26,07:15,28.610924387746977,77.20087553052514,Grand Trunk Road,Highway,365,17.03,Snowy,1.1,93.1,0,1,0,17.62,High
2026-06-17,06:00,22.548545307082,88.35089970428243,Park Street,Local,24,25.11,Clear,39.6,35.1,0,1,0,11.95,Moderate
2026-06-12,20:30,28.642100650756152,77.27516660371867,Vikas Marg,Arterial,223,16.82,Clear,39.9,57.9,0,0,0,17.84,Moderate
2026-06-08,07:30,28.619367620955646,77.21729931730157,Grand Trunk Road,Highway,296,33.74,Clear,39.2,41.8,0,0,0,8.89,High
2026-06-22,17:15,28.5483013189091,77.17284710361173,Nelson Mandela Marg,Arterial,147,13.45,Rainy,26.2,95.5,0,1,0,22.31,High
2026-06-06,18:45,28.63314189401649,77.21964584840707,Connaught Place Inner Circle,Arterial,110,13.69,Rainy,29.6,97.7,0,0,0,21.92,High
2026-06-19,02:15,28.58473771952729,77.22321289580914,Lodi Road,Local,34,23.73,Clear,31.7,40.3,0,0,0,12.64,Moderate
2026-06-15,15:45,28.632669821492108,77.2690976955313,Vikas Marg,Arterial,80,42.59,Clear,41.6,43.4,0,1,0,7.04,Low
2026-06-19,02:45,28.601950329296866,77.17246081238656,Sardar Patel Marg,Arterial,70,26.91,Rainy,22.4,80.1,0,1,0,11.15,Moderate
2026-06-23,15:30,28.575111256962636,77.21818350528106,Ring Road,Highway,156,60.85,Clear,38.2,58.2,0,1,0,4.93,Moderate
2026-06-26,13:45,28.606238470710508,77.21264306323124,Grand Trunk Road,Highway,141,56.42,Clear,36.2,41.7,0,0,0,5.32,Moderate
2026-06-08,22:45,28.559317064717558,77.21746038788059,Ring Road,Highway,169,72.15,Clear,32.6,30.3,0,0,0,4.16,Moderate
2026-06-06,04:00,22.54603082797508,88.34414335916945,Park Street,Local,20,19.24,Rainy,27.6,92.3,0,1,0,15.59,Moderate
2026-06-07,20:45,28.457970958319837,77.03247141309078,MG Road,Highway,214,29.73,Clear,28.7,50.8,0,1,0,10.09,Moderate
2026-06-03,12:45,28.546503589907392,77.15582879722079,Nelson Mandela Marg,Arterial,66,31.82,Rainy,24.6,84.2,0,1,0,9.43,Moderate
2026-06-27,12:00,28.646168114777876,77.12647247221499,Outer Ring Road,Highway,89,64.73,,28.2,50.4,0,1,0,4.63,Low
2026-06-18,03:00,28.4527243762395,77.02972819207001,MG Road,Highway,150,52.79,Rainy,23.8,84.8,0,0,0,5.68,Moderate
2026-06-26,15:45,28.627493324099703,77.21871326758881,Connaught Place Inner Circle,Arterial,67,42.81,Clear,33.2,37.7,0,1,0,7.01,Low
2026-06-04,07:30,28.533002162792823,77.16220518630863,Nelson Mandela Marg,Arterial,187,14.96,Rainy,23.3,84.4,0,1,0,20.05,High
2026-06-07,23:45,28.584061002901265,77.23122996981236,Lodi Road,Local,22,27.31,Clear,36.8,42.1,0,1,0,10.98,Moderate
2026-06-26,13:45,22.555458594311485,88.3531059306358,Park Street,Local,29,18.01,Rainy,24.0,96.9,0,1,0,16.66,Moderate
2026-06-11,10:00,28.630785388284835,77.1154399721069,Outer Ring Road,Highway,406,30.02,Clear,31.3,36.3,0,0,0,9.99,High
2026-06-03,08:45,22.544118569012642,88.36210664607587,Park Street,Local,48,11.24,Clear,34.0,39.1,0,1,0,26.7,High
2026-06-13,23:45,22.547143868371293,88.34550451201953,Park Street,Local,22,16.35,Rainy,27.8,93.8,0,0,0,18.35,Moderate
2026-06-21,21:00,28.593676256661862,77.1674741550729,Sardar Patel Marg,Arterial,56,32.15,Clear,31.9,38.3,0,1,0,9.33,Moderate
2026-06-06,11:30,28.620973048551555,77.21936504784624,Connaught Place Inner Circle,Arterial,64,36.34,Clear,36.2,41.9,0,1,0,8.25,Low
2026-06-08,11:00,22.54143930639248,88.35256366167513,Park Street,Local,33,17.15,Rainy,23.8,84.5,0,0,0,17.49,Moderate
2026-06-10,06:00,28.5332704982936,77.15852251885116,Nelson Mandela Marg,Arterial,86,24.74,Rainy,27.8,89.7,0,0,0,12.13,Moderate
2026-06-20,05:30,28.5468032185958,77.15737799809388,Nelson Mandela Marg,Arterial,46,42.26,Clear,37.5,31.7,0,0,0,7.1,Low
2026-06-04,08:30,28.64642172217627,77.28371379888533,Vikas Marg,Arterial,154,19.13,Clear,40.3,53.7,0,0,0,15.69,Moderate
2026-06-12,01:00,28.53324047370423,77.15499878492811,Nelson Mandela Marg,Arterial,64,36.63,Clear,,59.3,0,1,1,8.19,Low
2026-06-10,01:15,28.546960108706262,77.16298722996282,Nelson Mandela Marg,Arterial,93,40.9,Clear,39.9,36.0,0,1,0,7.34,Low
2026-06-12,16:00,28.640763843312293,77.27627201094306,Vikas Marg,Arterial,89,32.98,Clear,37.1,53.4,0,1,0,9.1,Moderate
2026-06-03,11:30,28.631865428935566,77.12927646321758,Outer Ring Road,Highway,154,77.52,Clear,36.4,50.5,0,0,0,3.87,Moderate
2026-06-13,23:00,28.602847086123088,77.171666656453,Sardar Patel Marg,Arterial,53,34.94,Clear,37.1,36.4,0,1,0,8.59,Moderate
2026-06-12,08:15,28.59637719099691,77.22113943009472,Lodi Road,Local,64,11.99,Clear,28.4,48.9,0,0,0,25.03,High
2026-06-28,19:00,28.558208335472045,77.2178076864171,Ring Road,Highway,246,37.69,Clear,35.7,55.2,0,1,0,7.96,Moderate
2026-06-04,23:00,28.460009406147115,77.0305566557101,MG Road,Highway,135,57.32,Rainy,26.9,91.6,0,0,0,5.23,Moderate
2026-06-14,05:45,28.54427423199531,77.1661692276541,Nelson Mandela Marg,Arterial,42,42.4,Clear,35.8,40.3,0,1,0,7.08,Low
2026-06-14,14:30,28.641598058105846,77.27156503154335,Vikas Marg,Arterial,48,41.05,Clear,33.0,37.6,0,1,0,7.31,Low
2026-06-22,01:00,28.588862239421168,77.23074516241981,Lodi Road,Local,15,24.05,Clear,33.5,44.4,0,1,1,12.48,Moderate
2026-06-14,02:00,28.466972370574744,77.03651137800982,MG Road,Highway,120,76.68,Clear,32.5,44.7,0,1,0,3.91,Low
2026-06-13,19:00,28.543169850164585,77.16816844256113,Nelson Mandela Marg,Arterial,152,20.13,Clear,41.9,32.8,0,1,0,14.9,Moderate
2026-06-26,15:30,28.624920663935775,77.2187210190659,Connaught Place Inner Circle,Arterial,65,40.71,Clear,35.6,32.6,0,1,0,7.37,Low
2026-06-02,10:30,28.594913300785432,77.18565089178706,Sardar Patel Marg,Arterial,218,17.03,Clear,32.3,48.4,0,1,0,17.62,Moderate
2026-06-26,05:15,22.548123631822552,88.34609872272915,Park Street,Local,35,5.0,Snowy,0.3,88.3,1,1,0,60.0,High
2026-06-17,06:15,28.64221325804414,77.27371874452392,Vikas Marg,Arterial,74,45.05,Clear,35.7,53.7,0,1,0,6.66,Low
2026-06-03,16:30,28.62193445653706,77.21102105042962,Connaught Place Inner Circle,Arterial,92,42.56,Clear,33.6,33.5,0,1,0,7.05,Low
2026-06-23,09:30,28.462464669376157,77.01782892580262,MG Road,Highway,344,18.76,Foggy,11.5,92.2,0,1,0,15.99,High
2026-06-04,10:15,28.545112426191963,77.15506172601198,Nelson Mandela Marg,Arterial,165,14.97,Clear,36.3,56.2,0,1,0,20.04,High
2026-06-16,02:30,28.585726252509964,77.220426516038,Lodi Road,Local,27,22.01,Clear,36.6,45.7,0,1,0,13.63,Moderate
2026-06-30,03:15,28.45903677755466,77.02920186253724,MG Road,Highway,179,72.89,Clear,,39.7,0,1,0,4.12,Moderate
2026-06-30,04:15,28.638108456502785,77.12032566598396,Outer Ring Road,Highway,121,23.64,Clear,39.3,58.5,1,0,0,12.69,Moderate
2026-06-02,19:30,28.615237855924992,77.206030845201,Grand Trunk Road,Highway,9999,35.54,Clear,36.4,57.1,0,0,0,8.44,High
2026-06-02,23:15,28.63268823195517,77.27108943633334,Vikas Marg,Arterial,64,17.32,Snowy,-0.3,81.1,0,1,0,17.32,Moderate
2026-06-13,21:45,28.632913015788546,77.21913215298966,Connaught Place Inner Circle,Arterial,53,24.0,Rainy,24.3,96.7,0,0,0,12.5,Moderate
2026-06-06,11:30,28.593045878983165,77.17473414114089,Sardar Patel Marg,Arterial,50,28.6,Foggy,18.8,89.1,0,0,0,10.49,Moderate
2026-06-13,20:00,28.63796067025689,77.2188574735132,Connaught Place Inner Circle,Arterial,111,12.36,Rainy,28.6,98.1,0,1,0,24.28,High
2026-06-26,13:45,28.56059774146438,77.2025388882751,Ring Road,Highway,163,58.55,Clear,28.8,50.7,0,1,0,5.12,Moderate
2026-06-28,18:45,28.570647796255972,77.20339745188808,Ring Road,Highway,162,34.38,Clear,33.8,30.7,0,1,0,8.73,Moderate
2026-06-25,19:15,22.54666294258988,88.34703847987794,Park Street,Local,67,11.91,Clear,36.2,33.4,0,1,0,25.18,High
2026-06-14,13:15,28.64025029240324,77.21251341029513,Connaught Place Inner Circle,Arterial,46,36.36,Clear,36.8,52.2,0,1,0,8.25,Low
2026-06-29,16:00,28.620552235466523,77.21508331129968,Grand Trunk Road,Highway,144,59.79,Clear,33.8,46.5,0,1,0,5.02,Moderate
2026-06-12,22:30,28.628320019327713,77.21036019597814,Connaught Place Inner Circle,Arterial,75,43.21,Clear,29.8,42.3,0,1,0,6.94,Low
2026-06-25,06:30,28.5687118685728,77.20322915668127,Ring Road,Highway,135,75.58,Clear,29.0,54.8,0,0,0,3.97,Moderate
2026-06-21,07:45,28.592694734556584,77.22274806120936,Lodi Road,Local,35,13.09,Clear,32.4,57.4,0,1,0,22.93,High
2026-06-02,07:30,28.45132617605089,77.02297379207981,MG Road,Highway,315,27.67,Clear,29.3,48.8,0,1,0,10.84,High
2026-06-25,15:15,28.621133297693984,77.21054234164777,Grand Trunk Road,Highway,135,42.75,Rainy,26.9,85.9,0,0,0,7.02,Moderate
2026-06-29,12:15,28.634937140551916,77.11612830898703,Outer Ring Road,Highway,163,72.21,Clear,39.6,35.3,0,1,0,4.15,Moderate
2026-06-15,03:30,28.63800625672346,77.12623732248021,Outer Ring Road,Highway,139,74.55,Clear,32.1,38.0,0,1,0,4.02,Moderate
2026-06-04,09:00,28.574918279909948,77.21632158084687,Ring Road,Highway,341,26.94,Clear,40.3,31.5,0,0,0,11.14,High
2026-06-10,23:00,28.63870116518382,77.27929786406109,Vikas Marg,Arterial,95,36.85,Clear,33.7,36.3,0,1,0,8.14,Low
2026-06-18,19:45,28.638125764329114,77.21072742342525,Connaught Place Inner Circle,Arterial,195,15.89,Clear,41.5,42.8,0,0,0,18.88,Moderate
2026-06-27,18:15,28.643604294853816,77.27044449381803,Vikas Marg,Arterial,165,11.98,Rainy,29.3,87.4,0,1,0,25.04,High
2026-06-22,07:30,28.63615940267182,77.22576496210189,Connaught Place Inner Circle,Arterial,184,15.46,Clear,39.3,56.3,0,1,0,19.41,Moderate
2026-06-30,22:00,28.631950153849278,77.12706658433117,Outer Ring Road,Highway,123,68.47,Clear,31.4,39.2,0,0,0,4.38,Moderate
2026-06-27,07:30,28.545253052100882,77.15901245702383,Nelson Mandela Marg,Arterial,147,15.62,Clear,40.0,34.0,0,1,0,19.21,Moderate
2026-06-16,05:30,28.64719359170161,77.12918944365911,Outer Ring Road,Highway,131,72.92,Clear,39.7,46.5,0,1,0,4.11,Moderate
2026-06-03,19:30,28.636261260567416,77.2273248319491,Connaught Place Inner Circle,Arterial,189,12.14,Rainy,27.4,93.9,0,0,0,24.72,High
2026-06-15,17:45,28.558143934033946,77.21922833239283,Ring Road,Highway,338,36.69,Clear,36.8,55.9,0,1,0,8.18,High
2026-06-14,01:15,28.60502324019807,77.2041127818759,Grand Trunk Road,Highway,112,52.2,Rainy,26.0,90.2,0,0,0,5.75,Low
2026-06-29,20:15,28.640601249101035,77.11935960924957,Outer Ring Road,Highway,287,20.47,Rainy,27.2,88.4,0,1,0,14.66,High
2026-06-05,19:45,28.455731434791645,77.03351307044555,MG Road,Highway,234,34.55,Clear,30.9,42.6,0,1,0,8.68,Moderate
2026-06-01,17:30,22.553856973117643,88.35695718374663,Park Street,Local,58,9.5,Clear,29.7,45.4,0,1,0,31.59,High
2026-06-02,22:15,28.64705681766187,77.26796057914983,Vikas Marg,Arterial,74,40.14,Clear,33.5,54.1,0,1,0,7.47,Low
2026-06-26,01:15,28.574520713500913,77.20019821390981,Ring Road,Highway,136,47.01,Rainy,24.6,91.2,0,1,0,6.38,Moderate
2026-06-14,08:30,28.559147337875824,77.21412743993619,Ring Road,Highway,268,22.38,Foggy,11.2,85.3,0,0,0,13.4,High
2026-06-23,02:15,22.54254248540821,88.35341099139771,Park Street,Local,27,14.42,Rainy,29.2,89.9,0,1,0,20.8,High
2026-06-23,14:15,22.558675679507562,88.34859257817871,Park Street,Local,24,28.65,Clear,32.0,39.8,0,0,0,10.47,Moderate
2026-06-27,20:00,28.451057130392172,77.03570896382877,MG Road,Highway,216,37.56,Clear,34.8,36.4,0,1,0,7.99,Moderate
2026-06-14,12:45,28.537283685914232,77.16007937049842,Nelson Mandela Marg,Arterial,50,38.58,Clear,36.3,51.0,0,1,0,7.78,Low
2026-06-06,18:15,28.607015465211603,77.20994090691231,Grand Trunk Road,Highway,258,26.66,Clear,41.3,36.3,0,1,0,11.25,High
2026-06-01,15:30,28.53442398127074,77.16957031687336,Nelson Mandela Marg,Arterial,84,40.5,Clear,34.7,53.0,0,1,0,7.41,Low
2026-06-18,10:30,22.556549378804256,88.35480866900333,Park Street,Local,75,,Clear,37.4,57.8,0,1,0,29.74,High
2026-06-10,18:45,28.607833763946257,77.20374966610339,Grand Trunk Road,Highway,302,29.97,Clear,35.4,52.8,0,1,0,10.01,High
2026-06-23,21:45,28.57487367935376,77.20685859325518,Ring Road,Highway,134,60.12,Clear,28.8,48.3,0,0,0,4.99,Moderate
2026-06-25,01:45,28.6408794622257,77.11463198049529,Outer Ring Road,Highway,129,76.76,Clear,32.3,57.8,0,0,0,3.91,Moderate
2026-06-10,12:00,28.540475426781843,77.15994735838085,Nelson Mandela Marg,Arterial,75,47.23,Clear,40.8,39.8,0,1,0,6.35,Low
2026-06-12,08:00,28.640362556469057,77.27737930640592,Vikas Marg,Arterial,189,17.6,Clear,31.2,52.3,0,1,0,17.04,Moderate
2026-06-19,16:45,28.5354067395019,77.1726444118365,Nelson Mandela Marg,Arterial,91,32.94,Rainy,24.7,88.7,0,1,0,9.11,Moderate
2026-06-24,21:15,22.545584405967837,88.35319190897421,Park Street,Local,31,24.8,Clear,28.9,41.6,0,1,0,12.1,Moderate
2026-06-26,13:30,22.5537873887329,88.35321391937626,Park Street,Local,30,28.06,Clear,33.3,33.2,0,1,0,10.69,Moderate
2026-06-13,13:45,28.6218591043237,77.20950098680491,Grand Trunk Road,Highway,74,66.86,Clear,35.2,42.9,0,1,0,4.49,Low
2026-06-03,22:45,28.560262890001678,77.21456232874672,Ring Road,Highway,176,42.7,Rainy,25.3,86.2,0,1,0,7.03,Moderate
2026-06-30,20:30,28.563756856757717,77.21631490761251,Ring Road,Highway,299,28.65,Clear,36.2,36.2,0,1,0,10.47,High
2026-06-05,08:30,28.623709995493275,77.22183208257988,Connaught Place Inner Circle,Arterial,206,16.61,Clear,35.3,52.4,0,1,0,18.07,Moderate
2026-06-12,22:15,22.553184904011516,88.36090330405725,Park Street,Local,33,15.22,Rainy,22.8,95.8,0,0,0,19.71,Moderate
2026-06-04,17:00,28.564794748096432,77.21234388454234,Ring Road,Highway,302,30.34,Clear,38.1,35.5,0,0,0,9.89,High
2026-06-10,20:45,28.595688850542363,77.17738625385286,Sardar Patel Marg,Arterial,211,10.43,Rainy,25.1,90.1,0,0,0,28.76,High
2026-06-01,05:15,28.647152902792072,77.27584743639945,Vikas Marg,Arterial,64,39.76,Clear,32.7,57.6,0,1,0,7.55,Low
2026-06-06,20:00,28.60245511972494,77.17374533792109,Sardar Patel Marg,Arterial,103,19.93,Clear,34.0,32.2,0,1,0,15.05,Moderate
2026-06-02,19:45,28.600536158392764,77.16938420885681,Sardar Patel Marg,Arterial,173,17.63,Clear,28.6,43.1,0,0,0,17.01,Moderate
2026-06-30,23:45,28.564123937733605,77.21307573502249,Ring Road,Highway,177,21.85,Clear,29.4,53.0,1,1,0,13.73,Moderate
2026-06-18,04:15,28.640344188553872,77.1269636299656,Outer Ring Road,Highway,175,57.09,Rainy,24.3,86.4,0,1,0,5.25,Moderate
2026-06-19,02:15,28.53489198547399,77.15557759534862,Nelson Mandela Marg,Arterial,87,43.12,Clear,38.5,57.2,0,1,0,6.96,Low
2026-06-12,15:30,28.539481803055487,77.17131903798813,Nelson Mandela Marg,Arterial,84,23.87,Rainy,25.3,97.6,0,1,0,12.57,Moderate
2026-06-07,07:45,28.5740994170728,77.20952644704413,Ring Road,Highway,215,31.1,Clear,30.6,52.7,0,1,0,9.65,Moderate
2026-06-23,15:15,28.623593089551818,77.2031819472918,Grand Trunk Road,Highway,122,80.79,Clear,35.9,30.6,0,1,0,3.71,Moderate
2026-06-22,23:30,28.588567262042023,77.23276459372559,Lodi Road,Local,32,11.38,Snowy,2.5,93.5,0,1,0,26.37,High
2026-06-05,18:15,28.60820311243248,77.21154935797533,Grand Trunk Road,Highway,260,25.79,Clear,32.3,42.0,0,1,0,11.63,High
2026-06-04,04:30,28.6482323527463,77.27334403564916,Vikas Marg,Arterial,84,27.88,Rainy,27.9,90.9,0,1,0,10.76,Moderate
2026-06-12,19:00,28.572047398741795,77.20456662504736,Ring Road,Highway,424,25.41,Clear,37.3,33.5,0,1,0,11.81,High
2026-06-27,08:45,28.465413204613228,77.01814965947585,MG Road,Highway,219,36.67,Clear,37.7,49.8,0,1,0,8.18,Moderate
2026-06-15,03:45,28.600641402622486,77.18295609362683,Sardar Patel Marg,Arterial,66,33.1,Clear,41.5,50.9,0,1,0,9.06,Moderate
2026-06-12,22:15,22.53940831761616,88.35683753812279,Park Street,Local,27,23.05,Clear,41.6,45.4,0,1,0,13.02,Moderate
2026-06-20,19:30,28.560713441999116,77.21026379783419,Ring Road,Highway,294,36.43,Clear,30.3,40.0,0,0,0,8.24,High
2026-06-19,20:45,28.594094974146735,77.17403769668695,Sardar Patel Marg,Arterial,121,12.17,Foggy,16.4,96.5,0,0,0,24.65,High
2026-06-04,17:00,28.638567036011377,77.11054213304674,Outer Ring Road,Highway,336,35.09,Clear,36.0,53.8,0,1,0,8.55,High
2026-06-14,22:45,28.550507432992294,77.15544473387034,Nelson Mandela Marg,Arterial,52,47.98,Clear,41.4,34.3,0,1,0,6.25,Low
2026-06-08,02:00,28.636811835786485,77.21554534083046,Connaught Place Inner Circle,Arterial,66,47.12,Clear,31.6,39.5,0,1,0,6.37,Low
2026-06-09,16:00,28.625574218948316,77.21464384335124,Connaught Place Inner Circle,Arterial,94,18.06,Snowy,-4.1,74.0,0,0,0,16.61,Moderate
2026-06-18,20:15,28.643673969568784,77.27006284238628,Vikas Marg,Arterial,226,16.04,Clear,33.7,35.1,0,1,0,18.71,Moderate
2026-06-10,18:45,28.622475126870718,77.21360844072628,Connaught Place Inner Circle,Arterial,157,11.77,,28.5,80.3,0,0,0,25.48,High
2026-06-12,19:00,28.631929778062798,77.21454138869315,Connaught Place Inner Circle,Arterial,134,,Rainy,23.9,82.9,0,1,0,28.62,High
2026-06-18,11:45,28.570286929193056,77.21745039903658,Ring Road,Highway,147,62.83,Clear,33.2,32.8,0,1,0,4.77,Moderate
2026-06-28,03:30,28.639562762396093,77.21265263286142,Connaught Place Inner Circle,Arterial,53,32.79,Clear,32.5,45.8,0,0,1,9.15,Moderate
2026-06-12,09:00,28.632779379837732,77.1249459511512,Outer Ring Road,Highway,354,30.3,Clear,38.7,45.4,0,1,0,9.9,High
2026-06-23,06:30,28.592119693870835,77.22664648833587,Lodi Road,Local,28,24.17,Clear,41.8,38.3,0,1,0,12.41,Moderate
2026-06-19,02:00,28.6391565159997,77.22124289933343,Connaught Place Inner Circle,Arterial,68,35.42,Clear,,46.3,0,0,0,8.47,Low
2026-06-13,18:00,28.54604822768927,77.15444783802889,Nelson Mandela Marg,Arterial,89,14.0,Foggy,19.5,97.0,0,1,0,21.43,High
2026-06-06,16:45,28.643632064092884,77.26605192802543,Vikas Marg,Arterial,50,36.87,Clear,37.8,30.3,0,1,0,8.14,Low
2026-06-12,23:00,22.55604422846644,88.35862184705829,Park Street,Local,31,19.26,Foggy,12.3,94.9,0,0,0,15.57,Moderate
2026-06-11,06:00,28.629888698282944,77.21437553194139,Connaught Place Inner Circle,Arterial,71,34.91,Clear,35.3,31.5,0,1,0,8.59,Moderate
2026-06-25,11:30,28.63515619586896,77.27096215286348,Vikas Marg,Arterial,83,42.05,Clear,30.3,39.1,0,1,0,7.13,Low
2026-06-20,00:15,28.62058649591499,77.2105470680244,Grand Trunk Road,Highway,115,68.1,Clear,39.5,32.6,0,0,0,4.41,Low
2026-06-06,02:15,28.561606547868752,77.20206433297757,Ring Road,Highway,125,58.11,Clear,34.5,33.2,0,1,0,5.16,Moderate
2026-06-07,09:30,28.60143037448068,77.17139723912739,Sardar Patel Marg,Arterial,119,,Clear,41.2,48.3,0,0,0,15.79,Moderate
2026-06-24,19:30,28.62913515635694,77.21698000856392,Connaught Place Inner Circle,Arterial,236,19.05,Clear,38.2,55.1,0,1,0,15.75,Moderate
2026-06-28,06:00,28.61418454022532,77.20978382159028,Grand Trunk Road,Highway,124,67.95,Clear,28.6,40.9,0,0,0,4.41,Moderate
2026-06-12,03:15,28.46807111065788,77.02942172207165,MG Road,Highway,159,75.59,Clear,40.8,59.4,0,1,0,3.97,Moderate
2026-06-27,15:00,28.59531336962328,77.16950502462193,Sardar Patel Marg,Arterial,63,40.02,Clear,38.0,59.2,0,1,0,7.5,Low
2026-06-08,00:00,28.466276786735303,77.03414240935325,MG Road,Highway,121,72.96,Clear,31.6,48.9,0,1,0,4.11,Moderate
2026-06-15,09:00,28.564047902465916,77.2109295272205,Ring Road,Highway,354,18.61,,23.5,88.0,0,1,0,16.12,High
2026-06-27,23:00,28.538134777811372,77.16129228797615,Nelson Mandela Marg,Arterial,64,34.02,Clear,36.8,47.4,0,1,0,8.82,Moderate
2026-06-01,22:15,28.57072391492713,77.21717200213965,Ring Road,Highway,139,74.49,Clear,32.6,48.1,0,0,0,4.03,Moderate
2026-06-07,23:45,28.558324278109197,77.21495041273492,Ring Road,Highway,104,62.1,Clear,34.0,31.0,0,1,0,4.83,Low
2026-06-10,02:45,28.59867149171408,77.16729294254546,Sardar Patel Marg,Arterial,71,29.05,Rainy,23.2,92.9,0,1,0,10.33,Moderate
2026-06-03,12:15,28.595189251528925,77.17595943312764,Sardar Patel Marg,Arterial,90,32.24,Foggy,19.1,85.8,0,0,0,9.3,Moderate
2026-06-09,06:45,28.605969501272934,77.21213125404799,Grand Trunk Road,Highway,86,60.03,Clear,41.2,50.3,0,0,1,5.0,Low
2026-06-05,18:15,28.588095684698665,77.22476521009142,Lodi Road,Local,49,10.65,Clear,39.8,46.3,0,0,0,28.18,High
2026-06-07,14:30,28.57074248526965,77.21365342304925,Ring Road,Highway,91,56.19,Clear,34.0,45.3,0,0,0,5.34,Low
2026-06-15,18:45,28.623612014679058,77.21273357223448,Grand Trunk Road,Highway,315,32.43,Clear,40.0,54.5,0,0,0,9.25,High
2026-06-17,04:00,28.60772353128333,77.1858150171847,Sardar Patel Marg,Arterial,72,37.59,Clear,34.6,56.3,0,0,0,7.98,Low
2026-06-29,03:15,28.463887763111494,77.01716243012557,MG Road,Highway,178,57.29,Clear,40.6,58.1,0,0,0,5.24,Moderate
2026-06-26,15:00,28.607191288547607,77.17239260017536,Sardar Patel Marg,Arterial,71,42.08,Clear,33.8,50.4,0,1,0,7.13,Low
2026-06-01,02:15,28.55114876368408,77.17358706468072,Nelson Mandela Marg,Arterial,66,28.16,Rainy,23.6,85.2,0,1,0,10.65,Moderate
2026-06-23,22:00,28.623730770269947,77.22742353594566,Connaught Place Inner Circle,Arterial,89,39.73,Clear,37.2,51.8,0,1,0,7.55,Low
2026-06-11,01:00,28.603171670915355,77.18163745474574,Sardar Patel Marg,Arterial,65,37.52,Clear,36.2,39.0,0,1,0,8.0,Low
2026-06-04,01:30,28.606820433659344,77.18327217626735,Sardar Patel Marg,Arterial,64,35.38,Clear,30.0,32.8,0,0,0,8.48,Low
2026-06-19,19:45,28.647639511102813,77.12918168484565,Outer Ring Road,Highway,218,31.73,Clear,38.7,34.3,0,1,0,9.46,Moderate
2026-06-01,18:00,28.604010883275073,77.1819283966002,Sardar Patel Marg,Arterial,139,17.39,Clear,39.4,47.7,0,1,0,17.25,Moderate
2026-06-11,22:00,28.464278609106987,77.01718339784581,MG Road,Highway,179,71.84,Clear,36.8,40.8,0,1,0,4.18,Moderate
2026-06-10,23:15,28.62127918210042,77.21708905623126,Grand Trunk Road,Highway,134,82.66,Clear,30.7,43.9,0,1,0,3.63,Moderate
2026-06-19,22:45,22.55749786093109,88.3550417177771,Park Street,Local,33,24.06,Clear,36.7,43.4,0,0,0,12.47,Moderate
2026-06-06,02:30,28.57140843630025,77.20837847249585,Ring Road,Highway,108,58.1,Rainy,24.9,92.6,0,1,0,5.16,Low
2026-06-27,17:45,28.592151227652973,77.23003642734481,Lodi Road,Local,49,10.27,Clear,31.5,59.6,0,0,0,29.22,High
2026-06-17,18:15,28.60750129112894,77.17432226235859,Sardar Patel Marg,Arterial,210,10.69,Foggy,18.6,91.1,0,0,0,28.06,High
2026-06-23,20:00,28.455678354456875,77.02397450310941,MG Road,Highway,227,20.65,Rainy,23.1,90.4,0,1,0,14.53,Moderate
2026-06-24,13:15,28.63691069683041,77.22352621428625,Connaught Place Inner Circle,Arterial,54,38.39,Clear,41.2,35.5,0,0,1,7.81,Low
2026-06-23,01:45,28.639607335492443,77.20859176185468,Connaught Place Inner Circle,Arterial,64,19.99,Snowy,1.7,90.6,0,1,0,15.01,Moderate
2026-06-25,05:00,28.46284663699335,77.0191116420542,MG Road,Highway,156,70.51,Clear,30.4,56.2,0,1,0,4.25,Moderate
2026-06-25,14:15,28.543298617879575,77.15962463002997,Nelson Mandela Marg,Arterial,88,28.52,Foggy,15.0,91.8,0,1,0,10.52,Moderate
2026-06-10,06:00,28.56241350315481,77.20593791348536,Ring Road,Highway,127,73.45,Clear,31.7,56.2,0,0,0,4.08,Moderate
2026-06-05,21:45,28.571135096298708,77.20193281168329,Ring Road,Highway,155,42.35,Rainy,23.0,97.3,0,1,0,7.08,Moderate
2026-06-15,16:00,28.5662653492151,77.21706351624515,Ring Road,Highway,152,34.9,Snowy,0.1,93.8,0,1,0,8.6,Moderate
2026-06-07,07:15,28.567006249788196,77.21693570003738,Ring Road,Highway,266,17.47,Snowy,2.3,92.9,0,1,0,17.17,High
2026-06-17,15:30,28.592410760977966,77.17594701098012,Sardar Patel Marg,Arterial,78,36.13,Clear,35.7,40.7,0,1,0,8.3,Low
2026-06-25,01:00,28.58775032853749,77.22001897656315,Lodi Road,Local,28,27.42,Clear,33.9,53.3,0,0,0,10.94,Moderate
2026-06-07,13:30,28.60536601018879,77.18066652725255,Sardar Patel Marg,Arterial,50,47.1,Clear,40.7,33.8,0,0,0,6.37,Low
2026-06-20,17:15,28.464195185776987,77.02303066017677,MG Road,Highway,179,37.79,Clear,37.2,59.7,0,0,0,7.94,Moderate
2026-06-23,18:45,28.619634460294673,77.20919452150576,Grand Trunk Road,Highway,268,34.01,Clear,30.8,56.4,0,1,0,8.82,High
2026-06-11,23:15,28.462248049624183,77.03263651799752,MG Road,Highway,150,57.75,Rainy,28.3,83.4,0,1,0,5.2,Moderate
2026-06-28,10:30,28.621406458658694,77.20895814952036,Connaught Place Inner Circle,Arterial,108,14.84,Clear,41.9,50.0,0,1,0,20.21,High
2026-06-05,20:15,28.638148157627093,77.12973138981559,Outer Ring Road,Highway,330,32.4,Clear,31.9,41.1,0,1,0,9.26,High
2026-06-17,06:15,28.56357634645746,77.21186992831643,Ring Road,Highway,84,74.0,Clear,39.2,53.6,0,1,1,4.05,Low
2026-06-22,21:45,28.577196984889728,77.20004368285714,Ring Road,Highway,162,51.94,Rainy,23.7,81.5,0,1,0,5.78,Moderate
2026-06-27,17:15,28.635745583550314,77.22623331107773,Connaught Place Inner Circle,Arterial,123,17.04,Clear,35.0,33.7,0,0,0,17.61,Moderate
2026-06-08,06:15,28.592028208878723,77.18296907010102,Sardar Patel Marg,Arterial,66,39.89,Clear,30.5,58.7,0,1,0,7.52,Low
2026-06-10,19:30,28.542681985607917,77.15778996972796,Nelson Mandela Marg,Arterial,163,19.85,Clear,40.1,56.8,0,1,0,15.11,Moderate
2026-06-25,19:15,28.560584061033545,77.20375054445823,Ring Road,Highway,261,33.56,Clear,30.4,40.1,0,1,0,8.94,High
2026-06-22,02:00,28.621556463253572,77.20845981187396,Grand Trunk Road,Highway,85,57.4,Rainy,26.0,99.6,0,1,1,5.23,Low
2026-06-12,22:45,28.566255086754175,77.21671080449087,Ring Road,Highway,169,75.98,Clear,39.8,35.8,0,1,0,3.95,Moderate
2026-06-17,07:00,28.61278881915343,77.20183234489974,Grand Trunk Road,Highway,413,33.67,Clear,38.4,58.9,0,0,0,8.91,High
2026-06-16,07:30,28.63743453969233,77.11035427701219,Outer Ring Road,Highway,293,20.83,Rainy,25.1,88.9,0,1,0,14.4,High
2026-06-01,16:00,28.64326844974599,77.27212909153067,Vikas Marg,Arterial,86,38.82,Clear,29.2,50.6,0,0,0,7.73,Low
2026-06-03,10:45,28.633866784672243,77.12901489426426,Outer Ring Road,Highway,288,30.42,Clear,41.7,41.6,0,0,0,9.86,High
2026-06-24,02:00,28.458714243426964,77.02232559724224,MG Road,Highway,172,63.51,Clear,39.3,54.8,0,1,0,4.72,Moderate
2026-06-23,06:15,22.549164114643652,88.34305057315063,Park Street,Local,27,29.06,Clear,41.4,57.6,0,1,0,10.32,Moderate
2026-06-28,14:30,28.566596086428973,77.20910931144012,Ring Road,Highway,99,76.11,Clear,40.8,48.5,0,1,0,3.94,Low
2026-06-05,12:45,28.550957291319026,77.17209672788177,Nelson Mandela Marg,Arterial,80,13.6,Clear,40.5,52.0,1,0,0,22.06,High
2026-06-27,00:15,28.451262844867813,77.02487331047166,MG Road,Highway,120,78.3,Clear,35.9,55.5,0,1,0,3.83,Low
2026-06-19,23:45,28.57466722235683,77.20119524548356,Ring Road,Highway,132,59.52,Clear,32.2,52.4,0,0,0,5.04,Moderate
2026-06-25,06:15,22.547295883626628,88.35001105002983,Park Street,Local,28,27.3,Clear,40.4,34.1,0,0,0,10.99,Moderate
2026-06-20,21:30,28.64568811331217,77.1198579257117,Outer Ring Road,Highway,109,49.58,Rainy,26.1,95.5,0,0,0,6.05,Low
2026-06-19,13:30,28.449920738049208,77.031056784078,MG Road,Highway,137,41.06,Foggy,16.2,91.5,0,0,0,7.31,Moderate
2026-06-07,21:00,28.455905974849934,77.03473306593904,MG Road,Highway,127,75.67,Clear,37.6,59.5,0,1,0,3.96,Moderate
2026-06-10,10:15,28.61922702561115,77.2121589982241,Grand Trunk Road,Highway,340,33.14,Clear,37.1,52.6,0,1,0,9.05,High
2026-06-06,15:45,28.544051507956656,77.15450093962109,Nelson Mandela Marg,Arterial,43,38.22,Clear,39.7,34.9,0,0,0,7.85,Low
2026-06-25,06:30,28.534212687631147,77.16173673569132,Nelson Mandela Marg,Arterial,90,25.61,Foggy,16.1,99.8,0,1,0,11.71,Moderate
2026-06-05,06:45,28.583386903818624,77.2214774083321,Lodi Road,Local,26,20.87,Rainy,28.4,90.2,0,1,0,14.38,Moderate
2026-06-02,15:30,28.56171329166104,77.20423596299763,Ring Road,Highway,141,56.87,Foggy,10.2,97.5,0,1,0,5.28,Moderate
2026-06-25,06:30,28.636522121132778,77.11440875769786,Outer Ring Road,Highway,131,44.46,Rainy,25.7,92.1,0,1,0,6.75,Moderate
2026-06-01,18:15,22.55838526582809,88.35622724865065,Park Street,Local,53,10.65,Clear,32.7,45.7,0,1,0,28.17,High
2026-06-26,20:00,22.53883202375098,88.34796438167619,Park Street,Local,66,10.89,Clear,36.1,34.6,0,1,0,27.55,High
2026-06-24,03:00,22.54979529102532,88.35134706076957,Park Street,Local,28,29.42,Clear,40.9,38.1,0,1,0,10.2,Moderate
2026-06-14,16:30,28.451232395217094,77.0299830831107,MG Road,Highway,102,66.93,Clear,31.5,40.7,0,1,0,4.48,Low
2026-06-23,19:45,28.6128270915886,77.21001380982942,Grand Trunk Road,Highway,383,34.83,Clear,29.6,33.9,0,1,0,8.61,High
2026-06-22,08:45,28.532326814966325,77.15633694530284,Nelson Mandela Marg,Arterial,183,21.4,Clear,30.8,39.2,0,1,0,14.02,Moderate
2026-06-10,17:30,28.605156629036532,77.18085756855395,Sardar Patel Marg,Arterial,163,11.37,Rainy,26.4,98.6,0,1,0,26.39,High
2026-06-03,10:30,28.597996079814088,77.18212712109488,Sardar Patel Marg,Arterial,161,15.83,Clear,35.0,37.9,0,1,0,18.96,Moderate
2026-06-08,19:15,28.563612398131003,77.20356663024856,Ring Road,Highway,310,35.23,Clear,28.9,51.9,0,1,0,8.52,High
2026-06-22,19:15,28.546735784458047,77.16094001404235,Nelson Mandela Marg,Arterial,165,18.17,Clear,37.0,56.2,0,1,0,16.51,Moderate
2026-06-14,00:00,28.460605916506562,77.0271515924485,MG Road,Highway,93,78.37,Clear,35.2,45.9,0,0,0,3.83,Low
2026-06-30,09:45,28.593355616035353,77.18054075629765,Sardar Patel Marg,Arterial,130,17.33,Clear,36.5,41.5,0,0,0,17.31,Moderate
2026-06-19,03:45,28.61986968485861,77.20434330525177,Grand Trunk Road,Highway,169,58.5,Clear,31.2,51.3,0,1,0,5.13,Moderate
2026-06-19,04:30,22.54817203620243,88.35412602297846,Park Street,Local,28,28.07,Clear,36.3,32.7,0,1,0,10.69,Moderate
2026-06-10,23:45,28.62878212405795,77.26602026716671,Vikas Marg,Arterial,71,33.81,Clear,41.2,30.1,0,0,0,8.87,Moderate
2026-06-01,09:00,28.637636876465898,77.21724219635387,Connaught Place Inner Circle,Arterial,151,21.33,Clear,42.0,51.7,0,0,0,14.06,Moderate
2026-06-09,16:00,28.581351158394266,77.2328033427595,Lodi Road,Local,34,8.64,Clear,32.0,53.8,1,0,0,34.71,High
2026-06-04,15:15,28.5947448269595,77.17722678179592,Sardar Patel Marg,Arterial,74,27.17,Rainy,23.3,80.3,0,0,0,11.04,Moderate
2026-06-29,19:15,28.541662671094965,77.16061871644771,Nelson Mandela Marg,Arterial,155,9.68,Snowy,3.6,84.1,0,0,0,31.0,High
2026-06-13,10:00,28.60899323372865,77.21896390108955,Grand Trunk Road,Highway,245,29.4,Clear,29.5,36.6,0,1,0,10.2,Moderate
2026-06-17,10:45,28.57267990174588,77.20104144812441,Ring Road,Highway,382,36.94,Clear,28.8,46.1,0,1,0,8.12,High
2026-06-02,01:45,28.608315408877687,77.17130538091573,Sardar Patel Marg,Arterial,66,46.47,Clear,33.7,57.9,0,1,0,6.46,Low
2026-06-11,20:30,28.565005758173264,77.20212183559225,Ring Road,Highway,191,22.92,Rainy,23.3,82.4,0,1,1,13.09,Moderate
2026-06-17,18:00,28.63323517234801,77.28442980773838,Vikas Marg,Arterial,209,20.68,Clear,35.1,52.1,0,0,0,14.5,Moderate
2026-06-15,12:00,28.59367845641559,77.17101264180293,Sardar Patel Marg,Arterial,66,45.69,Clear,41.4,45.1,0,1,0,6.57,Low
2026-06-22,07:15,28.587365673350224,77.21811273395883,Lodi Road,Local,75,7.43,Rainy,23.6,86.4,0,0,0,40.39,High
2026-06-03,17:45,28.63059970158627,77.21691165101389,Connaught Place Inner Circle,Arterial,133,15.84,Clear,40.5,54.2,0,0,0,18.94,Moderate
2026-06-22,16:45,28.642867394501394,77.11525020580967,Outer Ring Road,Highway,178,44.92,Rainy,25.9,88.3,0,0,0,6.68,Moderate
2026-06-08,05:30,28.636287311964082,77.2840166845398,Vikas Marg,Arterial,92,26.68,Rainy,23.4,97.0,0,1,0,11.24,Moderate
2026-06-06,09:00,28.59176141092807,77.22726279805033,Lodi Road,Local,37,11.67,Clear,28.7,43.4,0,1,0,25.71,High
2026-06-24,12:15,28.630147787965285,77.27160736424972,Vikas Marg,Arterial,78,37.76,Clear,38.5,44.2,0,1,0,7.95,Low
2026-06-17,18:15,28.537456257334743,77.16180198810636,Nelson Mandela Marg,Arterial,171,12.45,Foggy,16.4,89.5,0,1,0,24.09,High
2026-06-14,23:00,28.63021260727669,77.27734128090452,Vikas Marg,Arterial,49,46.96,Clear,38.5,54.8,0,1,0,6.39,Low
2026-06-23,07:45,28.594650690167036,77.2205641638752,Lodi Road,Local,59,7.74,Rainy,28.4,87.0,0,1,0,38.78,High
2026-06-27,10:00,28.595912403378016,77.17943014622277,Sardar Patel Marg,Arterial,126,15.6,Clear,33.4,40.4,0,0,0,19.23,Moderate
2026-06-21,15:00,28.592830426441004,77.17708526921587,Sardar Patel Marg,Arterial,55,38.43,Clear,40.5,36.8,0,1,0,7.81,Low
2026-06-09,09:45,28.6363696224515,77.26884456427834,Vikas Marg,Arterial,155,20.04,Clear,34.2,55.1,0,1,0,14.97,Moderate
2026-06-18,02:45,28.587915456677386,77.21485976263145,Lodi Road,Local,33,15.91,Rainy,23.1,89.0,0,1,0,18.86,Moderate
2026-06-14,00:15,28.574956758451858,77.20910248462064,Ring Road,Highway,96,34.97,Snowy,0.2,86.9,0,0,0,8.58,Moderate
2026-06-28,22:45,28.592658458519242,77.17430095133386,Sardar Patel Marg,Arterial,72,36.12,Clear,39.3,31.7,0,0,1,8.3,Low
2026-06-28,18:45,28.637355341634162,77.27548368996645,Vikas Marg,Arterial,153,16.63,Clear,32.0,31.1,0,0,0,18.04,Moderate
2026-06-06,06:00,28.548311434101812,77.15517321857426,Nelson Mandela Marg,Arterial,47,,Clear,42.0,59.9,0,1,1,7.42,Low
2026-06-03,17:30,22.553279783284715,88.34654089698766,Park Street,Local,59,9.55,Clear,40.7,54.1,0,1,0,31.41,High
2026-06-30,00:45,28.467089253870235,77.02480047573484,MG Road,Highway,174,77.39,Clear,30.4,52.6,0,1,0,3.88,Moderate
2026-06-09,06:00,28.464270780789516,77.03393710426054,MG Road,Highway,135,38.55,Snowy,-3.7,89.4,0,1,0,7.78,Moderate
2026-06-20,18:00,28.459613127148604,77.01814288748173,MG Road,Highway,234,26.08,Clear,39.5,47.5,0,1,0,11.5,Moderate
2026-06-09,20:45,28.569784383860167,77.2139862584231,Ring Road,Highway,333,18.53,Rainy,24.2,98.1,0,1,0,16.19,High
2026-06-29,16:45,28.63912199053325,77.11795546703063,Outer Ring Road,Highway,175,49.04,Rainy,28.2,84.6,0,1,0,6.12,Moderate
2026-06-18,21:00,28.607290523076042,77.1692610593567,Sardar Patel Marg,Arterial,88,26.53,Rainy,26.3,82.6,0,1,0,11.31,Moderate
2026-06-17,08:30,28.606499753761053,77.16865476606975,Sardar Patel Marg,Arterial,185,18.07,Clear,33.7,41.5,0,0,0,16.61,Moderate
2026-06-05,16:45,28.46513270890886,77.01867025894012,MG Road,Highway,152,80.04,Clear,41.6,43.2,0,0,0,3.75,Moderate
2026-06-18,10:45,28.59120035442255,77.1859485599612,Sardar Patel Marg,Arterial,141,13.88,Rainy,24.3,97.8,0,0,0,21.62,High
2026-06-07,03:15,28.573588557073407,77.21811164275145,Ring Road,Highway,92,55.53,Rainy,22.4,89.6,0,1,0,5.4,Low
2026-06-17,03:45,28.46206845657835,77.02449890372043,MG Road,Highway,131,78.56,Clear,34.2,37.7,0,0,0,3.82,Moderate
2026-06-20,13:45,28.451093078552407,77.01757125446592,MG Road,Highway,88,58.65,Clear,41.5,49.2,0,1,0,5.12,Low
2026-06-25,12:30,28.623751954371635,77.21218069362199,Grand Trunk Road,Highway,175,65.55,Clear,39.5,55.7,0,1,0,4.58,Moderate
2026-06-25,00:45,28.63155987732819,77.11212260038619,Outer Ring Road,Highway,177,44.94,Rainy,27.2,87.0,0,1,0,6.68,Moderate
2026-06-18,02:30,28.617299398481933,77.20043961636927,Grand Trunk Road,Highway,151,40.5,Rainy,22.2,99.3,0,1,0,7.41,Moderate
2026-06-24,23:00,28.461636531271772,77.01899843717854,MG Road,Highway,124,76.67,Clear,34.8,51.1,0,0,0,3.91,Moderate
2026-06-29,13:00,28.5815677001867,77.2156249338863,Lodi Road,Local,30,26.94,Clear,31.8,49.6,0,1,0,11.14,Moderate
2026-06-09,05:15,28.614151524318487,77.20435548629209,Grand Trunk Road,Highway,120,40.69,Rainy,26.5,92.9,0,1,0,7.37,Low
2026-06-22,22:15,28.640098582168832,77.22661549434017,Connaught Place Inner Circle,Arterial,70,45.69,Clear,37.2,41.7,0,0,0,6.57,Low
2026-06-30,09:00,28.56758326079149,77.20596115143589,Ring Road,Highway,277,37.64,Clear,35.4,42.1,0,0,0,7.97,High
2026-06-01,13:45,22.550395329148685,88.35467870325527,Park Street,Local,26,27.39,Clear,38.1,32.4,0,1,0,10.95,Moderate
2026-06-11,16:00,28.622971591570234,77.2080676197955,Connaught Place Inner Circle,Arterial,75,47.53,Clear,36.0,42.1,0,1,0,6.31,Low
2026-06-04,22:00,22.54022360472636,88.34409040393594,Park Street,Local,27,19.0,Rainy,25.9,90.9,0,0,0,15.79,Moderate
2026-06-28,20:45,28.638877119822812,77.11376031434393,Outer Ring Road,Highway,227,27.85,Clear,29.4,39.3,0,0,0,10.77,Moderate
2026-06-29,00:45,28.621834930998155,77.2032141333015,Grand Trunk Road,Highway,158,71.61,Clear,29.1,34.0,0,1,0,4.19,Moderate
2026-06-21,08:15,22.542164221848672,88.35897148219291,Park Street,Local,40,10.65,Clear,40.2,60.0,0,1,0,28.16,High
2026-06-01,12:15,28.57860249240522,77.23252893659077,Lodi Road,Local,33,25.13,Clear,36.6,40.0,0,1,0,11.94,Moderate
2026-06-10,08:30,28.613843345614356,77.21234831061068,Grand Trunk Road,Highway,302,35.45,Clear,28.8,51.8,0,1,0,8.46,High
2026-06-24,21:00,28.641985550356473,77.12614955871304,Outer Ring Road,Highway,124,74.73,Clear,40.1,32.4,0,0,0,4.01,Moderate
2026-06-25,04:15,28.638827011065615,77.28523032713609,Vikas Marg,Arterial,83,23.96,Snowy,-0.9,78.2,0,1,0,12.52,Moderate
2026-06-18,19:15,22.5580320405115,88.35769284327768,Park Street,Local,66,8.23,Rainy,,87.4,0,1,0,36.45,High
2026-06-02,06:45,28.609380831794088,77.21591930512197,Grand Trunk Road,Highway,170,65.83,Clear,31.1,45.0,0,1,0,4.56,Moderate
2026-06-01,01:30,28.605615347771895,77.17284830167769,Sardar Patel Marg,Arterial,88,30.28,Foggy,11.7,85.7,0,1,0,9.91,Moderate
2026-06-08,16:30,28.631853656317137,77.21771161778896,Connaught Place Inner Circle,Arterial,82,42.09,Clear,35.6,37.0,0,0,0,7.13,Low
2026-06-12,10:45,22.553212325813274,88.35230610312709,Park Street,Local,77,10.85,Clear,38.3,32.8,0,0,0,27.64,High
2026-06-16,19:00,28.64031593659707,77.28008775124076,Vikas Marg,Arterial,186,18.16,Clear,28.0,33.6,0,1,0,16.52,Moderate
2026-06-05,15:15,28.61278704392195,77.21787991813422,Grand Trunk Road,Highway,106,54.62,Rainy,28.5,87.5,0,0,1,5.49,Low
2026-06-07,15:30,28.622188834589746,77.21581265289639,Grand Trunk Road,Highway,110,68.56,Clear,31.0,39.4,0,0,0,4.38,Low
2026-06-13,07:45,28.62242559923697,77.21823262513252,Grand Trunk Road,Highway,256,31.36,Clear,37.7,45.4,0,1,0,9.57,High
2026-06-05,13:30,28.614446393591997,77.21672737294192,Grand Trunk Road,Highway,121,68.27,Clear,36.7,31.7,0,1,0,4.39,Moderate
2026-06-23,21:45,28.53489435493886,77.1680828671396,Nelson Mandela Marg,Arterial,92,44.93,Clear,38.9,30.6,0,1,0,6.68,Low
2026-06-09,06:30,28.630903442405074,77.28022574537948,Vikas Marg,Arterial,72,32.15,Rainy,26.0,87.2,0,1,0,9.33,Moderate
2026-06-26,09:30,28.640556242165914,77.12035259656797,Outer Ring Road,Highway,297,31.49,Clear,31.7,57.9,0,1,0,9.53,High
2026-06-06,07:00,28.57214449290177,77.20623406642984,Ring Road,Highway,203,28.53,Clear,30.0,56.5,0,1,0,10.51,Moderate
2026-06-23,13:45,28.605899704949678,77.19967091742825,Grand Trunk Road,Highway,152,66.27,Clear,35.8,52.9,0,0,0,4.53,Moderate
2026-06-23,05:15,28.46113730533009,77.01770699578437,MG Road,Highway,130,81.99,Clear,28.8,42.2,0,1,0,3.66,Moderate
2026-06-23,18:30,28.45142251703464,77.02509145214373,MG Road,Highway,351,34.36,Clear,41.4,41.6,0,1,0,8.73,High
2026-06-05,23:15,28.631573971534152,77.12207510287676,Outer Ring Road,Highway,122,41.72,Foggy,13.8,91.7,0,1,0,7.19,Moderate
2026-06-06,00:15,28.594107092477113,77.23228637519857,Lodi Road,Local,20,27.13,Clear,40.3,56.8,0,1,0,11.06,Moderate
2026-06-22,22:30,28.597451578459847,77.22505668075124,Lodi Road,Local,26,20.26,Clear,35.1,51.3,0,1,0,14.81,Moderate
2026-06-13,12:15,28.633011184686918,77.2226919888224,Connaught Place Inner Circle,Arterial,62,32.39,Clear,40.3,30.4,0,1,0,9.26,Moderate
2026-06-01,03:15,28.61173935480549,77.20427210879615,Grand Trunk Road,Highway,129,57.06,Clear,28.0,58.1,0,0,0,5.26,Moderate
2026-06-15,11:00,28.63907737239992,77.12341081013012,Outer Ring Road,Highway,121,58.9,Clear,40.0,37.7,0,0,0,5.09,Moderate
2026-06-27,01:00,28.613090045331408,77.20625019462645,Grand Trunk Road,Highway,115,82.03,Clear,36.8,58.6,0,1,0,3.66,Low
2026-06-20,17:30,28.585647642018657,77.222604302466,Lodi Road,Local,46,7.68,Rainy,23.3,89.1,0,1,0,39.04,High
2026-06-13,18:15,28.62303487599264,77.22130475507687,Connaught Place Inner Circle,Arterial,127,17.36,Clear,28.2,39.1,0,1,0,17.29,Moderate
2026-06-26,15:15,28.63272742210059,77.11393377116462,Outer Ring Road,Highway,131,56.24,Clear,32.4,59.2,0,1,0,5.33,Moderate
2026-06-08,02:00,28.645529737626315,77.12498315646353,Outer Ring Road,Highway,158,68.8,Clear,37.2,41.6,0,0,0,4.36,Moderate
2026-06-13,21:30,28.61415167806265,77.21028389583597,Grand Trunk Road,Highway,94,69.74,Clear,32.4,42.0,0,1,0,4.3,Low
2026-06-15,20:45,22.552921162292762,88.3521090881704,Park Street,Local,52,12.65,Clear,38.9,52.8,0,0,0,23.72,High
2026-06-01,06:00,28.638258223791784,77.12074987507347,Outer Ring Road,Highway,158,58.25,Rainy,25.6,89.5,0,1,0,5.15,Moderate
2026-06-04,02:00,28.45109176294744,77.03540794067891,MG Road,Highway,163,57.05,Clear,29.3,32.8,0,1,0,5.26,Moderate
2026-06-29,05:30,28.606337784241607,77.20919514133801,Grand Trunk Road,Highway,129,73.5,Clear,37.0,57.0,0,0,0,4.08,Moderate
2026-06-04,18:30,28.60763825465195,77.17257743852522,Sardar Patel Marg,Arterial,224,5.0,Clear,39.0,54.8,2,0,0,60.0,High
2026-06-04,11:00,28.63499866454918,77.26837957815854,Vikas Marg,Arterial,71,32.3,Clear,36.5,58.1,0,0,0,9.29,Moderate
2026-06-25,08:00,28.599324956464002,77.17007498624207,Sardar Patel Marg,Arterial,182,16.73,Clear,39.3,48.5,0,1,0,17.94,Moderate
2026-06-09,21:00,28.62635347431186,77.22089527280906,Connaught Place Inner Circle,Arterial,70,33.67,Clear,29.6,38.2,0,1,0,8.91,Moderate
2026-06-26,23:00,28.570945660088263,77.20191508397326,Ring Road,Highway,160,79.61,Clear,39.5,32.8,0,1,0,3.77,Moderate
2026-06-23,07:15,28.633124756396132,77.27934147425317,Vikas Marg,Arterial,147,19.77,Clear,38.1,36.2,0,1,0,15.18,Moderate
2026-06-08,06:15,28.573724347515505,77.20455265071638,Ring Road,Highway,172,63.53,Clear,33.3,53.8,0,1,0,4.72,Moderate
2026-06-17,00:45,28.456429385741572,77.03606090699029,MG Road,Highway,168,53.14,Rainy,22.8,94.9,0,1,0,5.65,Moderate
2026-06-12,12:45,28.452046237574933,77.02011344595937,MG Road,Highway,153,82.56,Clear,31.3,44.4,0,0,0,3.63,Moderate
2026-06-27,06:00,28.550913063495326,77.15459712245014,Nelson Mandela Marg,Arterial,49,40.88,Clear,31.4,33.9,0,0,0,7.34,Low
2026-06-23,16:45,28.596394756217453,77.17672115083806,Sardar Patel Marg,Arterial,94,46.15,Clear,37.6,49.8,0,0,0,6.5,Low
2026-06-29,05:15,28.45695210207154,77.02120685664205,MG Road,Highway,146,58.57,Rainy,22.7,83.8,0,1,0,5.12,Moderate
2026-06-07,09:30,28.5787483127228,77.23052343006592,Lodi Road,Local,34,12.33,Clear,36.8,50.5,0,1,0,24.33,High
2026-06-25,15:15,28.582643668911878,77.21793419977948,Lodi Road,Local,16,20.32,,41.8,30.9,0,1,1,14.76,Moderate
2026-06-05,04:45,28.57276743809091,77.21217143186347,Ring Road,Highway,152,-50.0,Clear,33.5,58.9,0,0,0,3.96,Moderate
2026-06-05,05:30,28.62112414522975,77.21872282672389,Connaught Place Inner Circle,Arterial,85,23.58,Rainy,24.9,84.8,0,1,0,12.72,Moderate
2026-06-04,05:30,28.624025005111033,77.22194015922396,Connaught Place Inner Circle,Arterial,87,32.31,Clear,34.7,44.7,0,0,0,9.28,Moderate
2026-06-01,03:45,28.62256338775102,77.2274339359216,Connaught Place Inner Circle,Arterial,73,32.65,Clear,32.2,49.1,0,1,0,9.19,Moderate
2026-06-11,18:00,28.595165940363227,77.22039429693713,Lodi Road,Local,49,10.51,Clear,30.1,37.2,0,1,1,28.55,High
2026-06-24,12:00,28.59655593647819,77.17333368712035,Sardar Patel Marg,Arterial,93,44.34,Clear,37.6,30.1,0,1,0,6.77,Low
2026-06-02,06:15,28.606440671519465,77.20017073200161,Grand Trunk Road,Highway,163,52.7,Foggy,19.3,98.5,0,0,0,5.69,Moderate
2026-06-22,01:30,28.546268036986696,77.17172553976242,Nelson Mandela Marg,Arterial,95,32.07,Clear,30.4,47.4,0,1,0,9.35,Moderate
2026-06-29,20:30,28.639037380893047,77.12593895008031,Outer Ring Road,Highway,323,33.82,Clear,28.7,30.2,0,1,0,8.87,High
2026-06-03,19:30,28.62472271624622,77.21951743845948,Connaught Place Inner Circle,Arterial,191,13.17,Foggy,10.1,94.3,0,1,0,22.77,High
2026-06-26,11:45,28.533311991056454,77.15796915769518,Nelson Mandela Marg,Arterial,79,45.05,Clear,36.4,48.1,0,0,0,6.66,Low
2026-06-04,15:15,22.54147521390154,88.3600140382708,Park Street,Local,28,6.99,Clear,33.6,30.8,1,1,0,42.93,High
2026-06-29,09:00,28.573136963535443,77.20255136302728,Ring Road,Highway,282,37.25,Clear,34.1,53.5,0,1,0,8.05,High
2026-06-07,09:00,28.450066749007664,77.03317060519163,MG Road,Highway,308,37.62,Clear,29.7,47.6,0,1,0,7.97,High
2026-06-26,22:30,28.589583413371482,77.17910203244475,Sardar Patel Marg,Arterial,68,39.06,Clear,40.0,44.8,0,0,0,7.68,Low
2026-06-12,20:45,28.54810616804846,77.15681881282094,Nelson Mandela Marg,Arterial,155,15.62,Clear,30.5,42.9,0,0,0,19.2,Moderate
2026-06-11,15:45,28.613152385438674,77.21470143723127,Grand Trunk Road,Highway,122,58.75,Clear,28.2,56.4,0,1,0,5.11,Moderate
2026-06-09,09:45,28.54820065367256,77.15528547307166,Nelson Mandela Marg,Arterial,172,5.0,Rainy,24.8,97.8,2,1,0,60.0,High
2026-06-28,05:00,28.462023481475878,77.03067826852256,MG Road,Highway,98,66.87,Clear,29.6,34.7,0,1,0,4.49,Low
2026-06-07,07:30,28.594546935234494,77.17700462957852,Sardar Patel Marg,Arterial,131,15.05,Clear,37.3,55.6,0,1,0,19.93,Moderate
2026-06-19,03:30,22.554134104759935,88.36169113750447,Park Street,Local,34,29.32,Clear,36.3,43.5,0,1,0,10.23,Moderate
2026-06-06,06:00,28.596127332755103,77.18364997401973,Sardar Patel Marg,Arterial,59,32.77,Clear,33.3,43.5,0,0,0,9.16,Moderate
2026-06-03,04:45,28.64141366350144,77.12521409612089,Outer Ring Road,Highway,138,64.64,Clear,28.2,33.9,0,1,0,4.64,Moderate
2026-06-21,07:00,28.60450759159909,77.21325507509526,Grand Trunk Road,Highway,191,23.41,Foggy,12.5,91.8,0,0,0,12.82,Moderate
2026-06-01,13:15,28.583001254960845,77.2262538025512,Lodi Road,Local,25,29.45,Clear,39.0,50.2,0,1,0,10.19,Moderate
2026-06-24,00:45,28.644778916931575,77.11395648857683,Outer Ring Road,Highway,168,7.16,Foggy,19.0,89.1,2,0,0,41.88,High
2026-06-18,15:45,28.620705296792924,77.21210258488395,Connaught Place Inner Circle,Arterial,80,26.79,Rainy,27.8,93.5,0,0,0,11.2,Moderate
2026-06-27,11:00,28.58619027418675,77.22083003558525,Lodi Road,Local,19,21.86,Clear,31.2,35.4,0,1,0,13.72,Moderate
2026-06-01,06:00,28.63536174262677,77.27433091397221,Vikas Marg,Arterial,95,32.01,Clear,32.3,38.4,0,1,0,9.37,Moderate
2026-06-17,20:30,28.538803243064276,77.17366415855406,Nelson Mandela Marg,Arterial,186,20.49,Clear,37.6,39.6,0,1,0,14.64,Moderate
2026-06-05,05:30,28.63018268063432,77.22357686585735,Connaught Place Inner Circle,Arterial,85,32.29,Clear,34.2,53.4,0,1,0,9.29,Moderate
2026-06-10,14:45,28.612032117060924,77.21053934620937,Grand Trunk Road,Highway,155,52.12,Rainy,25.8,97.6,0,1,0,5.76,Moderate
2026-06-15,13:30,22.54550658014918,88.35861710511492,Park Street,Local,31,26.8,Clear,40.8,32.7,0,1,0,11.2,Moderate
2026-06-29,08:00,28.60087411565903,77.18244063571946,Sardar Patel Marg,Arterial,133,11.1,Foggy,16.8,96.9,0,1,0,27.03,High
2026-06-02,13:30,28.585555286570596,77.22023733749967,Lodi Road,Local,17,21.06,Clear,32.6,49.8,0,1,1,14.25,Moderate
2026-06-02,08:00,28.619992833946693,77.2017578988483,Grand Trunk Road,Highway,363,31.87,Clear,39.9,30.3,0,1,0,9.41,High
2026-06-15,20:30,28.585136117702802,77.22255423299303,Lodi Road,Local,55,7.46,Rainy,29.0,89.8,0,0,0,40.19,High
2026-06-26,18:15,22.557020313999583,88.36216327477867,Park Street,Local,56,9.41,Foggy,17.6,92.7,0,1,0,31.89,High
2026-06-29,06:45,28.557608032213764,77.21208977964517,Ring Road,Highway,144,78.41,Clear,31.1,31.0,0,1,0,3.83,Moderate
2026-06-26,23:00,28.599097496301905,77.18474213025038,Sardar Patel Marg,Arterial,73,38.52,Clear,35.7,44.9,0,1,0,7.79,Low
2026-06-12,11:15,28.535539072604173,77.16255516640554,Nelson Mandela Marg,Arterial,76,47.58,Clear,34.7,56.9,0,1,0,6.31,Low
2026-06-08,13:15,28.62111224300546,77.21765952605175,Connaught Place Inner Circle,Arterial,66,40.73,Clear,37.2,30.8,0,1,0,7.36,Low
2026-06-10,18:45,28.621601463367103,77.21421006676252,Connaught Place Inner Circle,Arterial,229,17.4,Clear,40.7,60.0,0,1,0,17.24,Moderate
2026-06-02,00:45,28.451238791213843,77.02105900017116,MG Road,Highway,120,57.1,Rainy,22.1,85.9,0,0,0,5.25,Low
2026-06-22,05:00,28.62958991549729,77.21469700472181,Connaught Place Inner Circle,Arterial,85,40.1,Clear,40.7,55.9,0,1,0,7.48,Low
2026-06-10,18:45,28.570482514785667,77.20853183802109,Ring Road,Highway,382,37.08,Clear,31.6,57.0,0,1,0,8.09,High
2026-06-24,10:00,28.62847622010495,77.21199489004816,Connaught Place Inner Circle,Arterial,158,12.23,Rainy,26.1,99.5,0,0,0,24.53,High
2026-06-02,18:45,28.628775179809654,77.21633687384623,Connaught Place Inner Circle,Arterial,156,15.65,Clear,29.5,33.7,0,0,0,19.17,Moderate
2026-06-24,21:45,28.466592349263035,77.02120989674704,MG Road,Highway,134,56.74,Clear,39.3,37.6,0,0,0,5.29,Moderate
2026-06-21,06:30,28.53957118448288,77.15770305282288,Nelson Mandela Marg,Arterial,56,34.29,Clear,41.3,33.8,0,1,0,8.75,Moderate
2026-06-29,18:30,28.63509042903615,77.26907110076829,Vikas Marg,Arterial,210,19.56,Clear,38.3,32.6,0,0,0,15.34,Moderate
2026-06-20,14:15,28.635169755232862,77.2662629354383,Vikas Marg,Arterial,66,38.64,Clear,38.7,37.7,0,1,0,7.76,Low
2026-06-16,12:30,28.542038699281292,77.1574068660502,Nelson Mandela Marg,Arterial,86,28.86,Rainy,24.8,93.1,0,1,0,10.39,Moderate
2026-06-06,15:45,28.625136258549077,77.22024634156715,Connaught Place Inner Circle,Arterial,50,27.0,Rainy,24.4,93.0,0,1,0,11.11,Moderate
2026-06-07,22:00,28.459730723884693,77.03547130434315,MG Road,Highway,103,53.56,Rainy,22.4,91.5,0,0,0,5.6,Low
2026-06-21,09:00,28.630640362533512,77.22754483829722,Connaught Place Inner Circle,Arterial,130,17.67,Clear,30.0,57.6,0,0,0,16.98,Moderate
2026-06-28,13:30,28.605711295971425,77.18267839169735,Sardar Patel Marg,Arterial,62,32.07,Clear,,49.5,0,1,0,9.35,Moderate
2026-06-10,14:30,28.59125008266476,77.16889768460295,Sardar Patel Marg,Arterial,93,22.48,Rainy,29.5,98.8,0,1,0,13.34,Moderate
2026-06-24,03:15,28.46346233848167,77.02281946042767,MG Road,Highway,128,40.67,Foggy,14.9,85.1,0,1,0,7.38,Moderate
2026-06-30,03:45,22.545301152867836,88.34546253139266,Park Street,Local,25,21.96,Clear,40.2,50.6,0,1,0,13.66,Moderate
2026-06-08,16:00,28.647449256301673,77.11431279525452,Outer Ring Road,Highway,131,76.2,Clear,38.3,33.3,0,1,1,3.94,Moderate
2026-06-23,10:45,28.60087221088893,77.17028369928113,Sardar Patel Marg,Arterial,170,17.04,Clear,29.5,36.2,0,1,0,17.61,Moderate
2026-06-22,22:45,28.636501321314952,77.28307154006279,Vikas Marg,Arterial,81,34.72,Clear,39.6,59.6,0,1,0,8.64,Moderate
2026-06-04,01:15,28.568496383257727,77.20678406862544,Ring Road,Highway,131,82.71,Clear,32.8,53.5,0,1,0,3.63,Moderate
2026-06-23,15:15,28.591030486482925,77.22633828808839,Lodi Road,Local,28,26.94,Clear,37.5,48.2,0,0,0,11.14,Moderate
2026-06-13,10:00,28.463247449315155,77.02405054905606,MG Road,Highway,272,28.38,Clear,35.7,30.3,0,1,0,10.57,High
2026-06-28,15:30,28.633996217832028,77.21887458887048,Connaught Place Inner Circle,Arterial,73,38.98,Clear,41.7,33.2,0,1,0,7.7,Low
2026-06-25,19:00,28.5683837175996,77.21064265479164,Ring Road,Highway,228,26.51,Clear,32.0,41.0,0,0,0,11.32,Moderate
2026-06-10,18:30,28.6158727435766,77.20485080856963,Grand Trunk Road,Highway,318,30.56,Clear,32.3,45.5,0,1,0,9.82,High
2026-06-19,08:00,28.562830192415447,77.20488467400727,Ring Road,Highway,307,37.5,Clear,29.5,55.4,0,1,0,8.0,High
2026-06-22,20:15,28.565541064074058,77.21327596784084,Ring Road,Highway,320,5.0,Foggy,19.3,89.6,2,0,0,60.0,High
2026-06-03,06:30,28.46372259036006,77.0225127666356,MG Road,Highway,147,39.8,Rainy,25.1,90.1,0,1,0,7.54,Moderate
2026-06-29,04:30,28.594953207940847,77.21982466989036,Lodi Road,Local,33,23.38,Clear,38.4,53.5,0,0,0,12.83,Moderate
2026-06-13,04:00,28.572154868518552,77.20882232328196,Ring Road,Highway,85,49.26,Foggy,12.3,94.2,0,1,0,6.09,Low
2026-06-23,21:45,28.586821785749336,77.23271757809613,Lodi Road,Local,26,28.0,Clear,30.2,33.7,0,1,0,10.72,Moderate
2026-06-23,17:00,28.453952984704536,77.0309480711081,MG Road,Highway,316,28.36,Clear,28.6,48.7,0,1,0,10.58,High
2026-06-06,12:30,28.621504959889513,77.21821808308258,Grand Trunk Road,Highway,106,77.74,Clear,37.9,58.5,0,0,0,3.86,Low
2026-06-16,17:45,28.619818262848405,77.208501579601,Grand Trunk Road,Highway,334,30.36,Clear,41.5,45.3,0,1,0,9.88,High
2026-06-02,09:45,28.572890112045926,77.20370707951443,Ring Road,Highway,354,33.24,Clear,29.8,58.0,0,1,0,9.03,High
2026-06-03,09:00,28.62707024707326,77.21207940254212,Connaught Place Inner Circle,Arterial,136,18.73,Clear,29.8,38.0,0,1,0,16.02,Moderate
2026-06-08,12:45,28.536237192277657,77.17025886378507,Nelson Mandela Marg,Arterial,85,35.63,Clear,30.3,35.4,0,1,0,8.42,Low
2026-06-15,03:45,28.596878416076937,77.2307841753411,Lodi Road,Local,33,,Rainy,25.8,84.1,0,0,0,17.1,Moderate
2026-06-14,23:45,28.607912593554982,77.1758587424347,Sardar Patel Marg,Arterial,59,44.74,Clear,30.3,51.0,0,1,0,6.71,Low
2026-06-06,23:30,28.63302754872791,77.21963032001396,Connaught Place Inner Circle,Arterial,58,32.79,Rainy,23.0,81.9,0,1,0,9.15,Moderate
2026-06-25,09:30,28.45846733870863,77.02172176852477,MG Road,Highway,249,23.73,Rainy,25.6,94.7,0,1,0,12.64,Moderate
2026-06-22,20:15,28.571109769183554,77.21397271178863,Ring Road,Highway,246,29.03,Clear,34.3,36.0,0,0,0,10.33,Moderate
2026-06-27,07:15,28.635548043966622,77.21483874595896,Connaught Place Inner Circle,Arterial,129,11.68,Rainy,25.5,86.6,0,1,0,25.68,High
2026-06-16,22:15,28.563395306282857,77.21043768923855,Ring Road,Highway,121,82.4,Clear,32.1,46.2,0,1,0,3.64,Moderate
2026-06-29,13:45,28.59649597939347,77.23131847687547,Lodi Road,Local,30,29.49,Clear,31.1,45.4,0,1,0,10.17,Moderate
2026-06-03,15:45,28.590398410081228,77.21485667580387,Lodi Road,Local,30,22.52,Clear,34.9,55.4,0,0,0,13.32,Moderate
2026-06-05,05:45,28.452794680177753,77.0236271186931,MG Road,Highway,168,76.31,Clear,35.8,33.0,0,1,0,3.93,Moderate
2026-06-05,17:30,28.56952434792588,77.20997745642308,Ring Road,Highway,343,15.38,Snowy,2.6,75.2,0,1,0,19.51,High
2026-06-28,20:15,28.58518112318684,77.22894194892537,Lodi Road,Local,44,5.0,Clear,37.4,46.2,2,1,0,60.0,High
2026-06-11,07:30,28.539524710490745,77.162432510351,Nelson Mandela Marg,Arterial,154,15.22,Clear,37.9,45.4,0,0,0,19.71,Moderate
2026-06-28,18:15,28.58618498498638,77.21837987912447,Lodi Road,Local,36,7.08,Rainy,28.3,91.6,0,0,0,42.39,High
2026-06-04,16:30,28.628588958752548,77.2252262793983,Connaught Place Inner Circle,Arterial,92,39.39,Clear,33.3,46.0,0,0,0,7.62,Low
2026-06-23,23:15,22.540210099111366,88.35390076975801,Park Street,Local,30,19.89,Rainy,26.3,82.6,0,0,0,15.08,Moderate
2026-06-30,16:00,28.61014256553756,77.19925190076339,Grand Trunk Road,Highway,123,81.1,Clear,29.2,51.1,0,1,0,3.7,Moderate
2026-06-06,12:30,28.63580262583858,77.21053104218953,Connaught Place Inner Circle,Arterial,70,38.92,Clear,36.2,42.0,0,1,0,7.71,Low
2026-06-11,10:15,28.562666577533317,77.21849325376583,Ring Road,Highway,293,28.19,Clear,38.2,36.9,0,0,0,10.64,High
2026-06-12,08:45,22.558243332474813,88.34258553963372,Park Street,Local,57,10.15,Clear,32.5,43.5,0,1,0,29.55,High
2026-06-01,17:15,28.594303858696115,77.22059758714784,Lodi Road,Local,64,12.76,Clear,34.3,43.7,0,0,0,23.51,High
2026-06-01,22:45,28.46400186247973,77.01901999535025,MG Road,Highway,136,44.91,Rainy,29.8,97.6,0,0,0,6.68,Moderate
2026-06-22,22:30,28.58915567940538,77.18205963234593,Sardar Patel Marg,Arterial,80,34.87,Clear,29.4,40.9,0,1,0,8.6,Moderate
2026-06-11,06:15,28.54327779646744,77.15849550827558,Nelson Mandela Marg,Arterial,93,33.42,Clear,38.3,46.7,0,1,0,8.98,Moderate
2026-06-12,10:00,28.557988190705807,77.21175024958853,Ring Road,Highway,312,28.4,Clear,39.5,36.6,0,0,0,10.56,High
2026-06-26,12:45,22.555444758831225,88.3479922052912,Park Street,Local,20,20.21,Clear,33.0,51.9,0,0,1,14.84,Moderate
2026-06-16,02:00,28.59121406148292,77.22655051780251,Lodi Road,Local,28,20.33,Clear,32.9,44.1,0,0,0,14.75,Moderate
2026-06-01,02:30,28.605538070880538,77.16896010829743,Sardar Patel Marg,Arterial,67,41.39,Clear,37.0,54.8,0,1,0,7.25,Low
2026-06-21,11:15,28.63014543418023,77.27961402078999,Vikas Marg,Arterial,45,26.66,Rainy,26.0,96.5,0,0,0,11.25,Moderate
2026-06-30,09:30,28.463760336714675,77.01975407242519,MG Road,Highway,334,30.32,Clear,35.7,34.3,0,0,0,9.89,High
2026-06-02,07:15,28.464843362806885,77.02979605402801,MG Road,Highway,302,25.44,Clear,31.7,41.3,0,1,0,11.79,High
2026-06-07,08:00,22.554558818413458,88.34685686376153,Park Street,Local,48,12.83,Clear,31.4,34.6,0,1,0,23.39,High
2026-06-25,23:30,28.54535797290958,77.1730749977656,Nelson Mandela Marg,Arterial,76,38.83,Clear,34.6,57.5,0,1,0,7.73,Low
2026-06-19,04:15,28.604851663850923,77.206709408694,Grand Trunk Road,Highway,176,56.61,Clear,32.0,36.0,0,1,0,5.3,Moderate
2026-06-02,11:30,28.63386315502242,77.12335848947193,Outer Ring Road,Highway,155,60.53,Clear,39.0,45.9,0,0,0,4.96,Moderate
2026-06-15,09:00,28.602982124107996,77.18543578466218,Sardar Patel Marg,Arterial,143,19.76,Clear,39.4,46.8,0,1,0,15.18,Moderate
2026-06-19,05:00,28.618024649970636,77.21465303125646,Grand Trunk Road,Highway,128,69.34,Clear,33.9,42.7,0,1,0,4.33,Moderate
2026-06-14,19:45,22.553232970885034,88.3437932328929,Park Street,Local,56,12.81,Clear,32.0,38.9,0,1,0,23.42,High
2026-06-04,03:30,28.535738323746923,77.17230469714863,Nelson Mandela Marg,Arterial,86,24.33,Rainy,28.2,84.3,0,1,0,12.33,Moderate
2026-06-14,17:15,28.62120125059969,77.20899954529925,Grand Trunk Road,Highway,188,34.9,Clear,31.2,44.4,0,1,0,8.6,Moderate
2026-06-14,04:15,28.6032817404537,77.18171870783875,Sardar Patel Marg,Arterial,50,45.42,Clear,36.1,33.9,0,1,0,6.61,Low
2026-06-05,08:30,28.632492254270105,77.22142733213157,Connaught Place Inner Circle,Arterial,195,13.46,Rainy,25.4,89.1,0,1,0,22.29,High
2026-06-04,01:30,28.596455582493757,77.22140359676592,Lodi Road,Local,24,29.39,Clear,41.8,37.4,0,1,0,10.21,Moderate
2026-06-15,01:30,22.553315420939157,88.35544130365066,Park Street,Local,26,21.76,Clear,38.7,59.6,0,1,0,13.79,Moderate
2026-06-08,13:30,28.645876718242974,77.11929699607408,Outer Ring Road,Highway,122,58.68,Clear,,57.2,0,0,0,5.11,Moderate
2026-06-01,16:00,28.57958413117634,77.21872316074864,Lodi Road,Local,30,26.45,Clear,28.2,37.9,0,1,0,11.34,Moderate
2026-06-30,23:45,28.639007023542664,77.22339765966775,Connaught Place Inner Circle,Arterial,72,36.15,Clear,34.0,39.1,0,0,0,8.3,Low
2026-06-27,09:00,28.64656547129632,77.11503706724692,Outer Ring Road,Highway,245,31.42,Clear,34.4,40.9,0,0,0,9.55,Moderate
2026-06-25,15:00,28.64634333448942,77.27729738990317,Vikas Marg,Arterial,95,46.24,Clear,40.5,34.9,0,0,0,6.49,Low
2026-06-16,18:30,22.545970152623905,88.34466690667436,Park Street,Local,45,11.91,Clear,37.9,33.5,0,1,1,25.2,High
2026-06-14,14:30,28.460051274427133,77.03131803971738,MG Road,Highway,107,78.57,Clear,35.8,40.0,0,1,0,3.82,Low
2026-06-08,06:00,22.538900510067307,88.35085646913276,Park Street,Local,30,17.47,Rainy,23.6,94.2,0,0,0,17.17,Moderate
2026-06-30,16:45,28.604571276950935,77.18168809285088,Sardar Patel Marg,Arterial,85,34.94,Clear,41.1,31.6,0,1,0,8.59,Moderate
2026-06-24,17:30,22.543109388654983,88.34630701702896,Park Street,Local,77,10.68,Clear,29.4,51.5,0,0,0,28.09,High
2026-06-06,02:15,28.628625047969578,77.22629884320457,Connaught Place Inner Circle,Arterial,41,,Clear,36.1,41.1,0,1,0,8.72,Moderate
2026-06-15,17:45,28.468456737996938,77.02394265670621,MG Road,Highway,272,25.01,Rainy,26.8,92.3,0,1,0,12.0,High
2026-06-18,22:45,28.64516452718493,77.26786083386862,Vikas Marg,Arterial,91,32.86,Clear,34.6,50.3,0,1,0,9.13,Moderate
2026-06-20,14:45,28.646740442612966,77.11157803658983,Outer Ring Road,Highway,112,60.65,Clear,35.2,43.2,0,0,0,4.95,Low
2026-06-23,04:00,28.635069388512047,77.28026458917212,Vikas Marg,Arterial,81,43.45,Clear,36.0,44.5,0,1,0,6.9,Low
2026-06-18,10:15,22.54235144005263,88.34837466178178,Park Street,Local,45,7.41,Foggy,10.6,91.6,0,1,1,40.46,High
2026-06-17,18:15,28.642002657203676,77.27457817480413,Vikas Marg,Arterial,185,20.29,Clear,,31.0,0,1,0,14.78,Moderate
2026-06-18,04:00,28.621053119764838,77.21695017670217,Grand Trunk Road,Highway,156,56.9,Clear,32.7,35.3,0,1,0,5.27,Moderate
2026-06-25,10:15,28.61127035315677,77.20007939522856,Grand Trunk Road,Highway,217,19.94,Rainy,24.7,90.1,0,0,0,15.05,Moderate
2026-06-28,07:30,28.60398472661205,77.18572693894943,Sardar Patel Marg,Arterial,106,6.25,Clear,40.8,56.8,1,1,0,47.97,High
2026-06-05,00:45,28.62308759708774,77.20316219992841,Grand Trunk Road,Highway,133,73.34,Clear,40.9,34.2,0,1,0,4.09,Moderate
2026-06-19,03:00,28.637355741709612,77.1105089428659,Outer Ring Road,Highway,151,77.71,Clear,40.7,42.3,0,1,0,3.86,Moderate
2026-06-18,22:00,28.57549507802676,77.2107384652284,Ring Road,Highway,172,78.92,Clear,34.3,37.3,0,1,0,3.8,Moderate
2026-06-04,21:30,28.53544345466429,77.15603495535608,Nelson Mandela Marg,Arterial,95,42.49,Clear,34.2,31.7,0,1,0,7.06,Low
2026-06-18,19:30,28.461746225776807,77.03092347753913,MG Road,Highway,382,28.55,Clear,32.4,40.4,0,1,0,10.51,High
2026-06-20,22:15,28.60872413549256,77.2023628217179,Grand Trunk Road,Highway,101,68.95,Clear,31.0,44.5,0,1,0,4.35,Low
2026-06-25,13:15,28.626097122619218,77.20818480518044,Connaught Place Inner Circle,Arterial,88,46.25,Clear,36.6,32.8,0,0,0,6.49,Low
2026-06-30,23:15,28.63030426190391,77.12722466823774,Outer Ring Road,Highway,133,57.1,Clear,37.5,59.8,0,1,0,5.25,Moderate
2026-06-14,23:30,28.641204341173058,77.28234768387215,Vikas Marg,Arterial,57,40.31,Clear,34.6,57.7,0,1,0,7.44,Low
2026-06-07,14:00,28.594701632754713,77.22410508002173,Lodi Road,Local,17,25.54,Clear,39.1,42.5,0,1,0,11.75,Moderate
2026-06-22,23:30,22.555361190854658,88.35053127543802,Park Street,Local,29,24.76,Clear,34.2,56.2,0,0,0,12.12,Moderate
2026-06-26,10:45,28.621696684375724,77.22295305117511,Connaught Place Inner Circle,Arterial,182,15.1,Clear,33.8,46.2,0,0,0,19.87,Moderate
2026-06-16,00:45,28.580524673030915,77.22710801852072,Lodi Road,Local,35,27.17,Clear,34.5,52.3,0,0,0,11.04,Moderate
2026-06-16,04:45,28.624635985771633,77.22472221651694,Connaught Place Inner Circle,Arterial,84,7.12,Rainy,23.3,80.6,1,1,0,42.14,High
2026-06-29,05:00,28.575016535071484,77.21952980068087,Ring Road,Highway,163,56.52,Clear,29.3,50.4,0,0,0,5.31,Moderate
2026-06-13,00:45,28.571335810087938,77.21580814951766,Ring Road,Highway,122,67.73,Clear,36.2,49.4,0,1,0,4.43,Moderate
2026-06-29,11:30,28.583291446311023,77.22542197616008,Lodi Road,Local,33,8.1,Clear,41.5,34.8,1,0,0,37.05,High
2026-06-02,08:15,28.62242285266526,77.21486016318245,Grand Trunk Road,Highway,275,25.81,Rainy,23.5,84.3,0,1,0,11.62,High
2026-06-09,11:15,28.62953945452487,77.2752216570141,Vikas Marg,Arterial,79,32.78,Clear,38.9,51.6,0,1,0,9.15,Moderate
2026-06-26,14:30,28.538809260582983,77.16290843816175,Nelson Mandela Marg,Arterial,77,24.01,Rainy,22.9,82.2,0,1,0,12.5,Moderate
2026-06-22,01:00,28.467162388133495,77.0281408372398,MG Road,Highway,134,58.76,Rainy,24.9,80.9,0,0,1,5.11,Moderate
2026-06-19,11:30,28.571469238967328,77.20007155089199,Ring Road,Highway,177,70.9,Clear,41.7,38.4,0,1,0,4.23,Moderate
2026-06-01,22:00,28.568293873712943,77.20160673733139,Ring Road,Highway,131,62.52,Clear,41.4,30.9,0,1,0,4.8,Moderate
2026-06-26,12:45,28.64614931046517,77.28004126842819,Vikas Marg,Arterial,95,38.44,Clear,30.1,57.5,0,0,0,7.8,Low
2026-06-26,03:45,28.600312897647697,77.16984123218887,Sardar Patel Marg,Arterial,56,30.97,Rainy,23.8,80.2,0,0,1,9.69,Moderate
2026-06-06,21:15,28.586510100549066,77.21594697019796,Lodi Road,Local,20,24.48,Clear,38.4,48.0,0,1,0,12.25,Moderate
2026-06-28,00:15,28.640730970127596,77.2779263389475,Vikas Marg,Arterial,51,44.62,Clear,42.0,44.8,0,1,0,6.72,Low
2026-06-21,14:30,28.594084356581334,77.18424168171681,Sardar Patel Marg,Arterial,51,47.18,Clear,32.3,47.1,0,1,0,6.36,Low
2026-06-24,07:45,28.572110061707054,77.21010664066671,Ring Road,Highway,330,32.35,Clear,41.6,48.3,0,1,0,9.27,High
2026-06-07,19:00,28.56073513734847,77.21729987946058,Ring Road,Highway,204,30.85,Clear,41.1,54.8,0,0,0,9.73,Moderate
2026-06-30,05:00,28.643614766300825,77.26990543349102,Vikas Marg,Arterial,68,27.69,Rainy,22.8,96.8,0,1,0,10.84,Moderate
2026-06-27,06:15,28.57039932555604,77.21466920544015,Ring Road,Highway,137,67.04,Clear,37.7,52.8,0,1,0,4.47,Moderate
2026-06-22,17:45,999.0,77.11096543773917,Outer Ring Road,Highway,196,22.09,Rainy,29.2,96.3,0,1,1,13.58,Moderate
2026-06-22,02:30,28.55108062449944,77.1725290800691,Nelson Mandela Marg,Arterial,77,42.92,Clear,,31.6,0,1,0,6.99,Low
2026-06-22,18:30,28.629635407327928,77.22590692692617,Connaught Place Inner Circle,Arterial,107,20.26,Clear,38.5,37.6,0,1,1,14.8,Moderate
2026-06-17,19:45,28.59182332066394,77.16751157966391,Sardar Patel Marg,Arterial,162,14.59,Clear,30.3,45.9,0,0,0,20.56,High
2026-06-09,23:00,28.588436470216216,77.2157425154144,Lodi Road,Local,25,24.42,Clear,38.0,38.2,0,1,0,12.28,Moderate
2026-06-09,11:15,22.545402235957106,88.34874594946805,Park Street,Local,34,27.64,Clear,,50.4,0,1,0,10.85,Moderate
2026-06-30,20:15,28.62930917376742,77.22198142352283,Connaught Place Inner Circle,Arterial,172,12.92,Rainy,29.6,81.1,0,0,0,23.23,High
2026-06-16,19:00,28.5479903583742,77.17080603124685,Nelson Mandela Marg,Arterial,176,12.11,Rainy,25.3,99.1,0,1,0,24.78,High
2026-06-12,22:30,22.550467724646555,88.3572997396876,Park Street,Local,24,25.21,Clear,36.0,40.0,0,1,0,11.9,Moderate
2026-06-15,12:45,28.59190226293278,77.23150597473145,Lodi Road,Local,26,24.49,Clear,32.8,43.8,0,0,0,12.25,Moderate
2026-06-07,07:00,28.46597448572274,77.0247967695622,MG Road,Highway,225,32.68,Clear,34.7,34.8,0,1,0,9.18,Moderate
2026-06-27,21:45,28.59408042298191,77.18419457567005,Sardar Patel Marg,Arterial,60,46.77,Clear,28.8,46.9,0,1,0,6.41,Low
2026-06-29,14:30,28.464466376022447,77.03397514461074,MG Road,Highway,143,41.06,Snowy,0.9,90.0,0,1,0,7.31,Moderate
2026-06-08,23:45,28.62755281099178,77.2135148773178,Connaught Place Inner Circle,Arterial,65,41.88,Clear,32.2,51.4,0,1,0,7.16,Low
2026-06-20,08:15,28.53768735566859,77.16794986067474,Nelson Mandela Marg,Arterial,158,14.57,Rainy,24.1,91.4,0,0,0,20.59,High
2026-06-27,01:30,28.629576139085383,77.22737285062065,Connaught Place Inner Circle,Arterial,61,28.73,Rainy,26.6,87.6,0,1,0,10.44,Moderate
2026-06-14,01:45,28.603296213842626,77.1816048833254,Sardar Patel Marg,Arterial,49,35.27,Clear,28.0,37.4,0,0,0,8.5,Low
2026-06-28,18:30,28.633154966487584,77.28077129436907,Vikas Marg,Arterial,140,17.68,Clear,32.0,44.3,0,0,0,16.97,Moderate
2026-06-28,21:45,28.620834439807936,77.20517132995178,Grand Trunk Road,Highway,135,46.47,Foggy,11.9,98.2,0,1,0,6.46,Moderate
2026-06-17,06:15,28.58944733068989,77.16799615755167,Sardar Patel Marg,Arterial,85,36.6,Clear,36.8,46.1,0,1,0,8.2,Low
2026-06-24,13:15,28.452225040281125,77.03455766755529,MG Road,Highway,160,80.86,Clear,28.2,37.3,0,1,0,3.71,Moderate
2026-06-08,00:30,28.63789258139812,77.11744937877825,Outer Ring Road,Highway,105,77.93,Clear,28.4,48.1,0,1,1,3.85,Low
2026-06-30,19:00,28.633195000763546,77.2697034923008,Vikas Marg,Arterial,221,17.47,Clear,34.3,47.4,0,0,0,17.17,Moderate
2026-06-01,16:15,28.60015529518196,77.18002672211601,Sardar Patel Marg,Arterial,69,43.84,Clear,35.0,31.4,0,1,0,6.84,Low
2026-06-01,04:00,28.619805740895945,77.2116155946621,Grand Trunk Road,Highway,166,63.56,Clear,42.0,44.9,0,1,0,4.72,Moderate
2026-06-02,02:00,28.64458325417675,77.26984935084192,Vikas Marg,Arterial,64,44.59,Clear,29.2,36.6,0,1,0,6.73,Low
2026-06-10,00:15,28.545745358373328,77.16773332114418,Nelson Mandela Marg,Arterial,75,47.08,Clear,38.7,32.9,0,0,0,6.37,Low
2026-06-19,11:45,22.55195767870673,88.34357822641898,Park Street,Local,25,25.77,Clear,,52.7,0,1,0,11.64,Moderate
2026-06-20,09:15,28.6235180248708,77.22214497156168,Connaught Place Inner Circle,Arterial,118,21.38,Clear,29.5,54.5,0,0,0,14.03,Moderate
2026-06-18,13:45,28.532797492534428,77.17353333544365,Nelson Mandela Marg,Arterial,63,36.67,Clear,40.5,49.5,0,1,1,8.18,Low
2026-06-18,17:15,28.466606289287256,77.02834830327585,MG Road,Highway,177,31.64,Clear,34.9,55.7,0,1,1,9.48,Moderate
2026-06-17,11:00,28.63252219199706,77.22669074874227,Connaught Place Inner Circle,Arterial,70,39.56,Clear,39.4,35.9,0,1,0,7.58,Low
2026-06-12,01:15,28.569643338483473,77.21170440658781,Ring Road,Highway,177,71.56,Clear,39.7,42.2,0,1,0,4.19,Moderate
2026-06-12,18:30,28.46150405094185,77.02687305343643,MG Road,Highway,310,31.9,Clear,38.2,37.7,0,1,0,9.41,High
2026-06-19,06:00,28.579123374434506,77.21881876408041,Lodi Road,Local,29,26.48,Clear,35.5,53.8,0,0,0,11.33,Moderate
2026-06-11,12:15,28.548443320601226,77.15890000905097,Nelson Mandela Marg,Arterial,81,42.29,Clear,31.6,48.6,0,0,0,7.09,Low
2026-06-12,15:00,28.569098320418377,77.20649648219496,Ring Road,Highway,133,64.31,Clear,40.9,54.2,0,0,0,4.67,Moderate
2026-06-07,01:00,28.645502921554574,77.11866160407205,Outer Ring Road,Highway,90,57.8,Rainy,25.8,80.1,0,1,0,5.19,Low
2026-06-11,10:30,28.56423295468228,77.21811752844192,Ring Road,Highway,413,22.55,Rainy,23.8,81.6,0,1,0,13.3,High
2026-06-05,19:15,28.641920005976417,77.27369575018342,Vikas Marg,Arterial,187,14.85,Rainy,23.3,83.0,0,1,0,20.2,High
2026-06-26,23:15,28.623575158302245,77.22615362868012,Connaught Place Inner Circle,Arterial,86,37.71,Clear,34.4,47.1,0,1,0,7.96,Low
2026-06-26,04:15,28.648121948992877,77.11261453033136,Outer Ring Road,Highway,172,,Clear,39.9,44.4,0,1,0,3.97,Moderate
2026-06-25,16:15,28.638214911836997,77.21946210396483,Connaught Place Inner Circle,Arterial,91,33.47,Clear,35.6,34.2,0,1,0,8.96,Moderate
2026-06-15,06:15,28.602514935206944,77.18620504650403,Sardar Patel Marg,Arterial,64,42.65,Clear,30.7,56.8,0,0,0,7.03,Low
2026-06-02,03:00,28.613589456180666,77.20820653969555,Grand Trunk Road,Highway,131,58.4,Clear,37.9,44.7,0,1,0,5.14,Moderate
2026-06-12,05:30,28.462109165944845,77.02719821217121,MG Road,Highway,147,77.64,Clear,29.7,58.3,0,1,0,3.86,Moderate
2026-06-01,04:15,28.645349916670188,77.12498893575868,Outer Ring Road,Highway,135,63.04,Clear,34.3,42.7,0,0,0,4.76,Moderate
2026-06-15,17:15,28.463913357349202,77.01757100854418,MG Road,Highway,347,28.98,Clear,35.1,46.0,0,0,0,10.35,High
2026-06-07,12:30,999.0,77.2767562316945,Vikas Marg,Arterial,52,33.68,Clear,34.2,45.2,0,1,0,8.91,Moderate
2026-06-09,11:00,22.551733455063196,88.36135607696498,Park Street,Local,31,29.93,Clear,35.5,58.7,0,0,0,10.02,Moderate
2026-06-06,02:30,28.629620903200898,77.27286048538717,Vikas Marg,Arterial,55,38.77,Clear,28.3,56.9,0,1,0,7.74,Low
2026-06-13,04:45,28.64856433591295,77.12057610436314,Outer Ring Road,Highway,98,68.54,Clear,33.2,49.0,0,1,0,4.38,Low
2026-06-11,02:15,28.45771033280725,77.03392257504585,MG Road,Highway,173,77.48,Clear,30.3,39.3,0,1,0,3.87,Moderate
2026-06-14,04:30,22.541128057023315,88.34638910762838,Park Street,Local,18,24.16,Clear,32.9,55.9,0,1,0,12.42,Moderate
2026-06-13,03:00,28.55046097621275,77.15789267652744,Nelson Mandela Marg,Arterial,52,33.04,Clear,40.6,30.4,0,0,0,9.08,Moderate
2026-06-23,11:15,28.605866647097837,77.18136012420216,Sardar Patel Marg,Arterial,72,35.19,Clear,33.2,38.4,0,1,0,8.52,Low
2026-06-08,23:45,28.644611604995887,77.27747666545251,Vikas Marg,Arterial,87,33.01,Clear,40.9,50.6,0,1,0,9.09,Moderate
2026-06-04,20:30,28.632564598946075,77.1153036175026,Outer Ring Road,Highway,393,9.21,Clear,35.2,48.6,1,0,0,32.56,High
2026-06-16,21:00,28.634566616731867,77.11049618660086,Outer Ring Road,Highway,137,67.97,Clear,31.9,55.0,0,0,0,4.41,Moderate
2026-06-26,22:15,28.621712559906715,77.21572887098519,Connaught Place Inner Circle,Arterial,64,36.77,Clear,32.2,55.3,0,1,0,8.16,Low
2026-06-03,18:30,28.60611172687928,77.21155465471125,Grand Trunk Road,Highway,272,33.62,Clear,35.6,50.1,0,1,0,8.92,High
2026-06-30,13:15,28.45898745279949,77.02362287381114,MG Road,Highway,120,46.37,Foggy,19.8,93.7,0,1,0,6.47,Low
2026-06-08,16:30,28.585796649187007,77.21518089012402,Lodi Road,Local,32,22.64,Clear,38.2,56.8,0,1,0,13.25,Moderate
2026-06-23,22:30,28.60426121207526,77.1802870790532,Sardar Patel Marg,Arterial,88,47.45,Clear,36.5,54.5,0,0,0,6.32,Low
2026-06-26,06:45,28.46217464010115,77.0210458210766,MG Road,Highway,139,57.19,Clear,37.9,47.6,0,1,0,5.25,Moderate
2026-06-22,00:15,28.59448555798111,77.22067584059602,Lodi Road,Local,24,21.42,Clear,35.7,33.5,0,1,0,14.0,Moderate
2026-06-05,15:45,28.54764903490963,77.16903371751738,Nelson Mandela Marg,Arterial,52,20.63,Snowy,2.8,85.1,0,1,1,14.54,Moderate
2026-06-19,22:30,28.531981953112062,77.16843745691087,Nelson Mandela Marg,Arterial,68,24.24,Rainy,,96.7,0,1,0,12.37,Moderate
2026-06-18,15:15,28.566462360679008,77.20315222698125,Ring Road,Highway,149,79.59,Clear,38.1,54.0,0,1,0,3.77,Moderate
2026-06-04,14:30,28.463989167540184,77.02030536044306,MG Road,Highway,178,66.1,Clear,29.8,53.5,0,0,0,4.54,Moderate
2026-06-15,02:30,28.64386911494618,77.27323605982549,Vikas Marg,Arterial,71,38.95,Clear,31.6,34.2,0,0,0,7.7,Low
2026-06-29,11:45,28.637702485452706,77.28068607434675,Vikas Marg,Arterial,64,37.01,Clear,32.4,41.4,0,1,0,8.11,Low
2026-06-02,18:00,28.594150648319165,77.2342978432448,Lodi Road,Local,65,11.45,Clear,36.6,53.6,0,1,0,26.19,High
2026-06-09,05:30,28.5972110502977,77.22299144203681,Lodi Road,Local,30,24.17,Clear,30.7,47.4,0,0,0,12.41,Moderate
2026-06-13,23:30,28.646455278709347,77.12350911236047,Outer Ring Road,Highway,100,79.28,Clear,38.6,45.9,0,1,0,3.78,Low
2026-06-27,03:00,22.550690967652233,88.35408752745296,Park Street,Local,23,29.3,Clear,36.8,59.4,0,1,0,10.24,Moderate
2026-06-22,18:00,28.64671451620248,77.26777746057753,Vikas Marg,Arterial,187,15.65,Clear,34.8,54.9,0,1,0,19.16,Moderate
2026-06-08,13:45,22.53929941800868,88.35029012950521,Park Street,Local,25,23.92,Clear,34.6,46.8,0,1,0,12.54,Moderate
2026-06-13,22:15,28.607628206555862,77.18066672562561,Sardar Patel Marg,Arterial,62,29.23,Rainy,22.5,84.3,0,0,0,10.26,Moderate
2026-06-17,14:45,22.55447112033285,88.3538017272277,Park Street,Local,28,27.61,Clear,36.1,35.0,0,1,0,10.87,Moderate
2026-06-18,20:45,28.607806323064786,77.17287352826717,Sardar Patel Marg,Arterial,147,16.73,Clear,41.5,44.7,0,1,0,17.93,Moderate
2026-06-26,13:15,28.646293614092997,77.27290534436115,Vikas Marg,Arterial,83,43.84,Clear,32.7,31.3,0,1,0,6.84,Low
2026-06-23,04:00,28.62791297470986,77.21052119598984,Connaught Place Inner Circle,Arterial,86,36.04,Clear,35.1,54.1,0,1,0,8.32,Low
2026-06-12,09:45,28.64111017956791,77.12379938024284,Outer Ring Road,Highway,324,20.63,Rainy,24.8,84.5,0,1,0,14.54,High
2026-06-15,11:00,28.580230223390753,77.2307013861646,Lodi Road,Local,34,,Clear,28.6,33.7,0,1,0,10.56,Moderate
2026-06-15,04:15,28.642282576626698,77.27793844560453,Vikas Marg,Arterial,74,,Clear,32.4,40.1,0,0,0,9.16,Moderate
2026-06-15,14:00,28.589078586428446,77.17690918385807,Sardar Patel Marg,Arterial,65,47.17,Clear,38.1,41.0,0,0,0,6.36,Low
2026-06-26,06:30,28.634811261220428,77.27571049246625,Vikas Marg,Arterial,65,39.56,Clear,37.3,42.4,0,1,0,7.58,Low
2026-06-20,03:30,28.4562231932997,77.02248643488463,MG Road,Highway,115,66.57,Clear,31.0,49.7,0,1,0,4.51,Low
2026-06-03,20:30,28.584828833469416,77.21784200175532,Lodi Road,Local,60,,Clear,30.9,59.1,0,0,0,22.85,High
2026-06-04,23:30,22.549835585674515,88.3477810841486,Park Street,Local,29,22.82,Clear,34.4,38.3,0,1,0,13.15,Moderate
2026-06-30,11:00,22.541701788932784,88.35628354862924,Park Street,Local,33,22.7,Clear,33.6,59.6,0,1,0,13.22,Moderate
2026-06-28,17:30,22.545848620511055,88.35035945600247,Park Street,Local,39,12.66,Clear,35.0,58.5,0,1,0,23.69,High
2026-06-14,12:45,28.549436097721703,77.17257592518853,Nelson Mandela Marg,Arterial,45,46.49,Clear,39.7,50.6,0,0,0,6.45,Low
2026-06-27,16:30,28.565521018102736,77.20344623674595,Ring Road,Highway,95,57.65,Clear,30.3,37.1,0,1,0,5.2,Low
2026-06-26,04:45,28.579762377478012,77.22343831575715,Lodi Road,Local,26,20.79,Rainy,29.1,80.9,0,0,0,14.43,Moderate
2026-06-22,09:30,28.534238596515074,77.16421018354661,Nelson Mandela Marg,Arterial,133,18.27,Clear,33.3,47.8,0,0,0,16.42,Moderate
2026-06-01,22:15,28.565376873234502,77.2041229232056,Ring Road,Highway,171,71.94,Clear,32.4,33.6,0,1,0,4.17,Moderate
2026-06-10,00:15,28.535450598308763,77.16920265496996,Nelson Mandela Marg,Arterial,92,46.06,Clear,33.7,51.0,0,0,0,6.51,Low
2026-06-27,18:00,28.59208108661311,77.22035225454847,Lodi Road,Local,29,9.0,Foggy,18.1,87.5,0,1,0,33.32,High
2026-06-09,00:45,28.643789429500046,77.27746200569263,Vikas Marg,Arterial,86,25.19,Rainy,29.3,90.2,0,1,0,11.91,Moderate
2026-06-18,14:45,22.547750179313727,88.35554346024647,Park Street,Local,26,6.38,Clear,29.5,37.2,1,1,0,47.01,High
2026-06-30,12:00,28.548759149107948,77.16786120753575,Nelson Mandela Marg,Arterial,65,38.77,Clear,38.0,32.8,0,0,1,7.74,Low
2026-06-07,02:00,28.604013042096824,77.2188399401803,Grand Trunk Road,Highway,88,83.81,Clear,34.7,34.0,0,1,0,3.58,Low
2026-06-27,23:45,28.640258994816957,77.2763480457434,Vikas Marg,Arterial,56,26.24,Foggy,13.0,96.3,0,0,0,11.43,Moderate
2026-06-20,05:30,28.64010915830576,77.2676484583381,Vikas Marg,Arterial,62,27.49,Rainy,28.5,85.8,0,0,0,10.91,Moderate
2026-06-10,06:15,28.56643613068039,77.21998181535594,Ring Road,Highway,130,80.83,Clear,38.9,32.8,0,1,0,3.71,Moderate
2026-06-20,14:30,28.59744080175182,77.21576067305,Lodi Road,Local,25,16.85,Rainy,29.5,87.3,0,1,1,17.8,Moderate
2026-06-01,01:15,28.4549602399108,77.02912898736456,MG Road,Highway,167,76.06,Clear,41.8,48.1,0,1,0,3.94,Moderate
2026-06-12,22:45,28.629883203490365,77.2170572547472,Connaught Place Inner Circle,Arterial,67,27.68,Rainy,24.2,82.8,0,0,0,10.84,Moderate
2026-06-04,00:15,28.58002194417692,77.21937678199393,Lodi Road,Local,24,24.61,Clear,32.9,43.3,0,0,0,12.19,Moderate
2026-06-26,10:45,28.64661438349496,77.2796363717225,Vikas Marg,Arterial,236,15.13,Clear,29.3,42.1,0,0,0,19.82,Moderate
2026-06-30,17:45,28.546037284797897,77.17197784475081,Nelson Mandela Marg,Arterial,198,15.14,Clear,35.9,37.3,0,0,0,19.82,Moderate
2026-06-15,07:30,28.598008819908518,77.17347059828357,Sardar Patel Marg,Arterial,146,17.4,Clear,35.9,32.3,0,1,0,17.25,Moderate
2026-06-27,00:00,28.598686858045443,77.16881676362124,Sardar Patel Marg,Arterial,53,23.87,Rainy,28.6,86.7,0,1,0,12.57,Moderate
2026-06-22,04:15,28.637287309824263,77.22459828170035,Connaught Place Inner Circle,Arterial,56,39.25,Clear,40.8,59.0,0,1,1,7.64,Low
2026-06-17,17:15,28.635154801226232,77.12503597889038,Outer Ring Road,Highway,253,,Clear,39.8,42.9,0,1,0,8.94,High
2026-06-08,21:00,22.538874901894225,88.3529431496997,Park Street,Local,24,19.86,Foggy,17.2,91.2,0,1,0,15.1,Moderate
2026-06-08,05:45,28.557955684436244,77.219552646731,Ring Road,Highway,125,58.98,Clear,29.0,46.2,0,0,1,5.09,Moderate
2026-06-05,18:00,28.586375028166827,77.23189624731629,Lodi Road,Local,35,9.32,Clear,40.4,55.4,0,0,1,32.19,High
2026-06-21,11:30,28.64410868370189,77.12351490510329,Outer Ring Road,Highway,99,82.83,Clear,28.4,41.3,0,0,0,3.62,Low
2026-06-12,11:30,28.549136955483082,77.16517087829298,Nelson Mandela Marg,Arterial,78,41.77,Clear,,49.3,0,0,0,7.18,Low
2026-06-10,20:30,28.648567722240575,77.27937563388474,Vikas Marg,Arterial,186,15.29,Clear,37.1,52.7,0,1,0,19.62,Moderate
2026-06-03,01:30,28.460998211764142,77.02084829465046,MG Road,Highway,178,34.49,Snowy,-0.7,78.3,0,1,0,8.7,Moderate
2026-06-03,22:45,28.452481913573425,77.03575638647627,MG Road,Highway,121,65.71,Clear,34.2,50.1,0,1,0,4.57,Moderate
2026-06-19,00:00,28.631486617447074,77.11577828631609,Outer Ring Road,Highway,166,80.14,Clear,38.4,49.0,0,1,0,3.74,Moderate
2026-06-04,20:15,28.535144187596423,77.17176071203052,Nelson Mandela Marg,Arterial,211,11.02,Foggy,18.0,89.5,0,1,0,27.23,High
2026-06-30,06:15,28.644165524453335,77.28444810992293,Vikas Marg,Arterial,66,41.52,Clear,34.6,54.1,0,1,1,7.23,Low
2026-06-20,10:00,28.62708393423074,77.21805929902243,Connaught Place Inner Circle,Arterial,120,14.66,Clear,39.1,48.9,0,0,0,20.47,High
2026-06-10,09:45,28.6162101711053,77.20101764056108,Grand Trunk Road,Highway,220,30.61,Clear,34.6,49.5,0,0,0,9.8,Moderate
2026-06-22,07:00,28.55006564831406,77.15575834023853,Nelson Mandela Marg,Arterial,169,20.18,Clear,39.0,55.2,0,0,0,14.86,Moderate
2026-06-05,19:00,28.64098062396897,77.28301710056087,Vikas Marg,Arterial,202,17.22,Clear,29.1,40.4,0,1,0,17.42,Moderate
2026-06-04,20:15,22.548495561201808,88.34441557813788,Park Street,Local,77,13.08,Clear,34.1,54.7,0,0,0,22.94,High
2026-06-17,12:45,28.58246790903457,77.23332518128356,Lodi Road,Local,35,15.23,Rainy,28.8,89.6,0,1,0,19.7,Moderate
2026-06-23,22:00,28.54685372340909,77.15566703429701,Nelson Mandela Marg,Arterial,72,32.05,Rainy,28.2,94.4,0,1,0,9.36,Moderate
2026-06-15,00:15,28.597857410122117,77.1768228193827,Sardar Patel Marg,Arterial,79,37.37,Clear,29.0,35.9,0,1,0,8.03,Low
2026-06-09,11:00,28.609040112869486,77.21600421963204,Grand Trunk Road,Highway,132,83.78,Clear,31.0,44.2,0,1,1,3.58,Moderate
2026-06-16,08:45,28.60771946216419,77.16890130246514,Sardar Patel Marg,Arterial,160,17.1,Clear,29.2,48.5,0,0,0,17.55,Moderate
2026-06-14,03:30,28.6158161506478,77.20529092195207,Grand Trunk Road,Highway,113,42.5,Foggy,16.3,88.6,0,0,0,7.06,Low
2026-06-26,08:00,28.570167461514362,77.21139650954663,Ring Road,Highway,303,34.38,Clear,29.1,56.5,0,0,1,8.73,High
2026-06-04,09:15,28.637057123730443,77.27163646375148,Vikas Marg,Arterial,199,20.82,Clear,28.2,42.8,0,0,0,14.41,Moderate
2026-06-12,23:00,28.61382243388283,77.20761841128703,Grand Trunk Road,Highway,174,82.84,Clear,32.8,48.8,0,1,0,3.62,Moderate
2026-06-22,09:30,28.64208961492772,77.26614303361394,Vikas Marg,Arterial,146,17.51,Clear,37.6,36.5,0,1,0,17.13,Moderate
2026-06-08,03:45,28.534406470395357,77.16604733558914,Nelson Mandela Marg,Arterial,83,14.19,Clear,40.8,35.8,1,1,0,21.14,High
2026-06-24,06:15,22.55256975582623,88.35891674502318,Park Street,Local,28,28.12,Clear,37.2,39.7,0,1,0,10.67,Moderate
2026-06-23,10:00,28.53288470496115,77.15818107760491,Nelson Mandela Marg,Arterial,164,20.04,Clear,41.4,44.9,0,1,0,14.97,Moderate
2026-06-09,07:45,28.58284011342423,77.22102945459638,Lodi Road,Local,58,7.2,Rainy,24.8,85.6,0,1,0,41.68,High
2026-06-03,05:00,28.592818567870335,77.21577846328384,Lodi Road,Local,27,20.16,Clear,38.5,32.7,0,1,0,14.88,Moderate
2026-06-08,00:15,28.612926720654787,77.21817032550005,Grand Trunk Road,Highway,104,63.3,Clear,38.3,33.9,0,0,1,4.74,Low
2026-06-18,17:45,28.614461168437842,77.20722454725264,Grand Trunk Road,Highway,239,30.14,Clear,36.1,50.6,0,0,0,9.95,Moderate
2026-06-02,15:00,28.560771057185697,77.20002629266861,Ring Road,Highway,129,79.3,Clear,41.7,43.0,0,1,0,3.78,Moderate
2026-06-30,10:45,28.542728382622244,77.16465220954825,Nelson Mandela Marg,Arterial,124,16.16,Clear,40.4,46.9,0,0,1,18.56,Moderate
2026-06-13,16:30,28.55978761862135,77.21022017671365,Ring Road,Highway,102,56.43,Clear,35.1,59.9,0,1,0,5.32,Low
2026-06-30,00:30,28.56321053514477,77.20299346929167,Ring Road,Highway,167,47.67,Rainy,29.8,98.5,0,1,0,6.29,Moderate
2026-06-04,11:45,28.59335331752132,77.16973390148979,Sardar Patel Marg,Arterial,85,38.89,Clear,30.8,55.8,0,1,0,7.71,Low
2026-06-18,06:15,28.454941683151556,77.01836625442438,MG Road,Highway,154,72.29,Clear,34.4,30.8,0,1,0,4.15,Moderate
2026-06-02,01:15,28.573287928938303,77.20414169649774,Ring Road,Highway,169,45.3,Rainy,24.4,92.5,0,1,0,6.62,Moderate
2026-06-23,14:30,28.544698106042354,77.16181518695608,Nelson Mandela Marg,Arterial,55,38.92,Clear,40.1,39.6,0,1,1,7.71,Low
2026-06-23,03:00,28.533028024021736,77.17174826352974,Nelson Mandela Marg,Arterial,64,22.41,Rainy,27.2,88.1,0,0,0,13.38,Moderate
2026-06-13,09:30,22.545417337940915,88.36139299591977,Park Street,Local,37,13.26,Clear,36.1,49.9,0,1,0,22.63,High
2026-06-29,04:00,28.45463483202683,77.01861777604212,MG Road,Highway,151,64.47,Clear,38.3,42.5,0,1,0,4.65,Moderate
2026-06-11,18:15,28.602659288373776,77.17974781700747,Sardar Patel Marg,Arterial,210,15.34,Clear,37.4,53.5,0,1,0,19.55,Moderate
2026-06-08,18:45,28.588752613027605,77.22439271880832,Lodi Road,Local,52,12.4,Clear,28.5,46.2,0,1,0,24.18,High
2026-06-05,07:15,28.646837927832678,77.26723778909201,Vikas Marg,Arterial,171,7.31,,2.2,92.0,0,0,0,41.02,High
2026-06-28,00:45,28.458268577840222,77.0276443013611,MG Road,Highway,102,77.77,Clear,33.4,33.8,0,1,0,3.86,Low
2026-06-25,09:00,28.621099649766162,77.2129213359979,Connaught Place Inner Circle,Arterial,196,15.85,Clear,,34.7,0,1,0,18.92,Moderate
2026-06-22,00:00,28.590931531614114,77.16779972257596,Sardar Patel Marg,Arterial,66,35.45,Clear,34.9,30.9,0,1,0,8.46,Low
2026-06-09,08:15,999.0,77.22273794956725,Lodi Road,Local,36,,Clear,30.2,31.6,0,1,1,25.81,High
2026-06-20,17:30,28.578753662884996,77.21572245750652,Lodi Road,Local,53,9.24,Rainy,26.0,84.9,0,1,0,32.48,High
2026-06-10,23:00,28.466218481460555,77.03176891914,MG Road,Highway,171,60.22,Clear,35.8,41.4,0,1,0,4.98,Moderate
2026-06-29,02:45,28.64490934076414,77.11491654265267,Outer Ring Road,Highway,170,43.39,Rainy,24.0,87.5,0,1,0,6.91,Moderate
2026-06-28,08:15,28.624952211572836,77.22744627964421,Connaught Place Inner Circle,Arterial,100,15.85,Clear,30.0,41.7,0,0,0,18.92,Moderate
2026-06-08,13:45,28.637940545425234,77.21131946127956,Connaught Place Inner Circle,Arterial,67,43.9,Clear,37.3,46.5,0,0,0,6.83,Low
2026-06-05,03:45,28.60574579718117,77.17926027922104,Sardar Patel Marg,Arterial,90,35.48,Clear,41.0,54.3,0,1,0,8.45,Low
2026-06-09,18:15,28.631592300115305,77.22139873496482,Connaught Place Inner Circle,Arterial,198,15.74,Clear,36.2,57.7,0,1,0,19.06,Moderate
2026-06-08,13:30,28.614804783494552,77.20932732637097,Grand Trunk Road,Highway,130,79.44,Clear,28.4,34.1,0,1,0,3.78,Moderate
2026-06-02,07:00,28.642096666776325,77.27914723594984,Vikas Marg,Arterial,190,16.55,Clear,33.9,48.4,0,1,0,18.12,Moderate
2026-06-03,21:15,28.573659612506287,77.21173178801108,Ring Road,Highway,156,59.38,Clear,30.8,52.0,0,0,0,5.05,Moderate
2026-06-21,00:30,28.53432348284723,77.15930746101414,Nelson Mandela Marg,Arterial,67,39.86,Clear,34.0,50.7,0,1,0,7.53,Low
2026-06-27,06:45,28.635399808642834,77.21321016039863,Connaught Place Inner Circle,Arterial,55,37.18,Clear,28.8,50.9,0,0,0,8.07,Low
2026-06-13,17:30,28.45895828089068,77.03160706244817,MG Road,Highway,271,32.14,Clear,28.0,33.0,0,0,0,9.33,High
2026-06-15,11:15,28.609728781666043,77.21609093003471,Grand Trunk Road,Highway,141,67.69,Clear,33.3,33.3,0,1,0,4.43,Moderate
2026-06-18,18:00,28.641832438989464,77.28417704102519,Vikas Marg,Arterial,149,14.54,Rainy,26.6,89.1,0,1,0,20.64,High
2026-06-27,14:30,28.567952114134528,77.20983832839504,Ring Road,Highway,119,65.36,Clear,32.7,36.2,0,0,0,4.59,Low
2026-06-27,07:45,28.64945156835319,77.12562233692418,Outer Ring Road,Highway,290,37.28,Clear,30.5,47.5,0,0,0,8.05,High
2026-06-15,01:15,28.54406515019346,77.16762610646256,Nelson Mandela Marg,Arterial,94,33.28,Clear,40.1,53.8,0,0,0,9.01,Moderate
2026-06-11,16:15,28.576273129019267,77.21567245484886,Ring Road,Highway,145,65.34,Clear,34.8,42.8,0,1,0,4.59,Moderate
2026-06-15,09:45,28.54932591489503,77.15972968435,Nelson Mandela Marg,Arterial,188,16.51,Clear,40.6,53.7,0,1,0,18.18,Moderate
2026-06-27,18:30,28.604293251104586,77.17187865127622,Sardar Patel Marg,Arterial,128,18.14,Clear,40.2,36.4,0,1,0,16.54,Moderate
2026-06-23,17:30,28.644713856018335,77.27484204411529,Vikas Marg,Arterial,140,14.53,Clear,35.8,31.7,0,1,0,20.64,High
2026-06-19,20:15,28.453631782243452,77.01880967640132,MG Road,Highway,375,23.87,Rainy,22.7,88.9,0,1,0,12.57,High
2026-06-06,08:30,28.644517873211672,77.12139438813067,Outer Ring Road,Highway,173,28.19,Clear,39.5,36.0,0,1,0,10.64,Moderate
2026-06-16,20:00,28.60617204738948,77.21636296874509,Grand Trunk Road,Highway,351,30.79,Clear,36.9,31.6,0,0,0,9.74,High
2026-06-02,14:45,28.579333447639367,77.22161070730462,Lodi Road,Local,25,18.85,Rainy,,81.5,0,1,0,15.91,Moderate
2026-06-09,06:45,28.64849682763911,77.27544503184605,Vikas Marg,Arterial,86,5.19,Snowy,-1.3,70.3,1,1,0,57.85,High
2026-06-03,03:15,28.64470367887103,77.1143167353626,Outer Ring Road,Highway,152,50.61,Foggy,16.4,97.7,0,1,0,5.93,Moderate
2026-06-20,17:30,28.60393051364322,77.17819917805126,Sardar Patel Marg,Arterial,98,14.71,Clear,30.8,35.6,0,0,0,20.4,High
2026-06-18,00:45,28.61895585842391,77.20631431714358,Grand Trunk Road,Highway,145,71.69,Clear,41.4,55.2,0,0,0,4.18,Moderate
2026-06-29,07:30,28.602174486684547,77.1700108162653,Sardar Patel Marg,Arterial,148,15.59,Clear,33.2,51.2,0,1,0,19.24,Moderate
2026-06-21,17:30,28.642849239804438,77.28529343791033,Vikas Marg,Arterial,112,18.9,Clear,40.8,50.2,0,1,0,15.87,Moderate
2026-06-08,19:30,28.562608368208046,77.21385414702286,Ring Road,Highway,235,33.96,Clear,34.8,51.1,0,1,0,8.83,Moderate
2026-06-20,12:30,28.609387648873415,77.20405999481024,Grand Trunk Road,Highway,85,45.11,Rainy,30.0,83.3,0,0,0,6.65,Low
2026-06-29,09:00,28.46482445636008,77.02409984289893,MG Road,Highway,296,22.77,Rainy,29.8,83.5,0,1,0,13.17,High
2026-06-08,22:30,28.63531817166156,77.27664891612154,Vikas Marg,Arterial,80,45.87,Clear,37.7,57.3,0,0,0,6.54,Low
2026-06-30,07:15,28.64406681909038,77.11404957128283,Outer Ring Road,Highway,345,31.15,Clear,,50.3,0,1,0,9.63,High
2026-06-15,19:15,28.457140696608224,77.01843276410352,MG Road,Highway,413,26.24,Clear,33.2,50.2,0,1,0,11.43,High
2026-06-24,05:45,28.450746354500982,77.02019056584987,MG Road,Highway,132,71.04,Clear,32.2,52.8,0,1,0,4.22,Moderate
2026-06-13,17:15,28.592771978625432,77.17823265066569,Sardar Patel Marg,Arterial,114,11.02,Rainy,27.8,95.8,0,1,0,27.22,High
2026-06-13,04:00,28.460955104665697,77.03395927539873,MG Road,Highway,94,79.0,Clear,33.5,59.6,0,1,0,3.8,Low
2026-06-02,16:30,28.62089951534219,77.21891982101893,Grand Trunk Road,Highway,138,71.17,Clear,36.1,33.0,0,0,0,4.22,Moderate
2026-06-13,19:15,28.46630672476442,77.01956603469615,MG Road,Highway,181,23.78,Rainy,27.1,81.6,0,1,0,12.62,Moderate
2026-06-10,08:45,28.551238355690028,77.16997833019359,Nelson Mandela Marg,Arterial,184,19.63,Clear,36.0,37.5,0,0,0,15.28,Moderate
2026-06-17,03:15,28.59766009860225,77.1799321447368,Sardar Patel Marg,Arterial,74,19.49,Snowy,0.3,70.2,0,1,0,15.39,Moderate
2026-06-08,07:30,28.60935261017735,77.20915296172035,Grand Trunk Road,Highway,262,34.61,Clear,31.0,38.0,0,0,0,8.67,High
2026-06-04,05:30,28.62429268065516,77.21138393059326,Connaught Place Inner Circle,Arterial,77,34.2,Clear,35.6,59.6,0,1,0,8.77,Moderate
2026-06-18,03:45,28.606003848003905,77.1856461136549,Sardar Patel Marg,Arterial,83,33.12,Rainy,28.2,81.3,0,1,0,9.06,Moderate
2026-06-02,17:30,28.641296902044342,77.12494985911763,Outer Ring Road,Highway,348,26.37,Clear,28.0,39.7,0,1,0,11.38,High
2026-06-17,15:30,28.590768488367416,77.22805990075119,Lodi Road,Local,24,27.47,Clear,30.5,43.9,0,1,0,10.92,Moderate
2026-06-24,18:15,28.54432688630636,77.16430184671565,Nelson Mandela Marg,Arterial,170,16.77,Clear,38.2,50.5,0,1,0,17.89,Moderate
2026-06-18,07:15,28.459366004324778,77.02251985250288,MG Road,Highway,334,36.81,Clear,37.1,31.2,0,1,0,8.15,High
2026-06-06,07:00,28.456631124473766,77.03325711617236,MG Road,Highway,182,25.88,Foggy,18.2,93.3,0,1,0,11.59,Moderate
2026-06-25,19:00,28.544484828016518,77.15470681662136,Nelson Mandela Marg,Arterial,105,10.91,Rainy,24.4,85.1,0,1,1,27.5,High
2026-06-23,03:15,28.449552149267852,77.02916478868075,MG Road,Highway,173,77.39,Clear,34.4,47.0,0,1,0,3.88,Moderate
2026-06-06,11:00,28.56041431169783,77.21466409609906,Ring Road,Highway,78,80.89,Clear,30.6,48.8,0,0,0,3.71,Low
2026-06-08,06:00,28.631419784889925,77.22310826029793,Connaught Place Inner Circle,Arterial,79,29.67,Foggy,16.6,90.5,0,1,0,10.11,Moderate
2026-06-28,20:15,22.55671142958166,88.34939088412528,Park Street,Local,46,13.2,Clear,30.0,57.5,0,1,0,22.73,High
2026-06-27,17:00,28.5483273858602,77.16809982392708,Nelson Mandela Marg,Arterial,130,15.86,Clear,30.9,50.6,0,1,0,18.92,Moderate
2026-06-09,12:30,28.645570916428454,77.12710832309263,Outer Ring Road,Highway,165,68.76,Clear,33.3,30.2,0,1,0,4.36,Moderate
2026-06-28,06:30,28.59276789534801,77.18269020271356,Sardar Patel Marg,Arterial,59,34.92,Clear,39.7,30.6,0,1,0,8.59,Moderate
2026-06-24,16:15,28.635077401744258,77.21413782685067,Connaught Place Inner Circle,Arterial,68,26.14,Rainy,23.9,88.8,0,0,0,11.48,Moderate
2026-06-28,03:15,28.64007163554829,77.11380606220543,Outer Ring Road,Highway,90,49.61,Rainy,27.6,80.2,0,1,0,6.05,Low
2026-06-07,13:00,28.625146283217898,77.21645195487507,Connaught Place Inner Circle,Arterial,60,43.24,Clear,40.2,31.0,0,1,0,6.94,Low
2026-06-04,01:15,28.643128262684595,77.11328433916455,Outer Ring Road,Highway,155,76.93,Clear,39.1,40.0,0,1,0,3.9,Moderate
2026-06-27,01:45,28.53573224161362,77.1644768169626,Nelson Mandela Marg,Arterial,44,45.78,Clear,31.8,42.3,0,1,0,6.55,Low
2026-06-19,11:15,28.6064859415415,77.16819279169258,Sardar Patel Marg,Arterial,78,44.8,Clear,33.5,39.1,0,1,0,6.7,Low
2026-06-06,17:45,28.454753952637937,77.0174942054911,MG Road,Highway,269,22.39,Rainy,23.8,93.6,0,1,0,13.4,High
2026-06-27,22:00,28.571767226054735,77.2179365808968,Ring Road,Highway,86,47.13,Rainy,22.7,90.3,0,1,0,6.37,Low
2026-06-20,05:30,22.557877901277955,88.3469062935078,Park Street,Local,23,29.95,Clear,36.6,38.6,0,0,0,10.02,Moderate
2026-06-15,13:15,28.462942973738645,77.01967490063991,MG Road,Highway,174,57.01,Foggy,13.6,91.1,0,0,0,5.26,Moderate
2026-06-23,00:00,28.628840105016916,77.22610779662999,Connaught Place Inner Circle,Arterial,65,33.81,Clear,36.5,40.8,0,1,0,8.87,Moderate
2026-06-15,12:30,28.459332266896805,77.01696868419401,MG Road,Highway,137,83.99,Clear,32.3,56.6,0,1,0,3.57,Moderate
2026-06-28,19:15,28.606097195141057,77.20749366983394,Grand Trunk Road,Highway,293,36.19,Clear,39.9,47.7,0,0,0,8.29,High
2026-06-21,15:30,28.633629742497174,77.1124076592955,Outer Ring Road,Highway,116,51.84,Rainy,28.0,89.0,0,1,0,5.79,Low
2026-06-02,11:45,28.641578846106718,77.27805709547927,Vikas Marg,Arterial,91,40.75,Clear,41.6,34.3,0,1,0,7.36,Low
2026-06-16,22:30,28.637229566681885,77.11788266485657,Outer Ring Road,Highway,132,63.12,Clear,30.5,30.5,0,1,0,4.75,Moderate
2026-06-14,06:30,28.595720310459235,77.231731285685,Lodi Road,Local,19,17.37,Rainy,28.4,92.3,0,1,0,17.27,Moderate
2026-06-18,12:00,28.620890353323855,77.2158733675084,Grand Trunk Road,Highway,149,66.18,Clear,28.0,44.0,0,1,0,4.53,Moderate
2026-06-30,16:00,28.598452264172682,77.17691871669098,Sardar Patel Marg,Arterial,87,33.76,Clear,41.2,51.4,0,1,0,8.89,Moderate
2026-06-30,15:30,22.558384499445133,88.35218548722813,Park Street,Local,26,16.2,Rainy,23.0,83.8,0,1,0,18.52,Moderate
2026-06-21,15:00,28.55924422629841,77.20285716857732,Ring Road,Highway,99,32.45,Snowy,4.5,94.8,0,1,0,9.24,Moderate
2026-06-10,12:15,28.625404089741274,77.21182583630144,Connaught Place Inner Circle,Arterial,72,29.72,Rainy,23.3,97.4,0,1,0,10.09,Moderate
2026-06-13,23:45,22.545177036178732,88.3621562892451,Park Street,Local,17,28.2,Clear,31.9,37.5,0,1,0,10.64,Moderate
2026-06-23,20:00,28.598292541417372,77.16727315672853,Sardar Patel Marg,Arterial,138,18.22,Clear,31.9,55.8,0,1,0,16.46,Moderate
2026-06-27,10:15,28.572564955552927,77.21605984035733,Ring Road,Highway,213,30.59,Clear,37.8,36.2,0,1,0,9.81,Moderate
2026-06-01,20:30,28.618082476816305,77.2006951894655,Grand Trunk Road,Highway,295,24.22,Rainy,29.5,99.9,0,0,0,12.39,High
2026-06-25,15:15,28.573370265465208,77.21789335248627,Ring Road,Highway,138,63.65,Clear,33.4,56.7,0,1,0,4.71,Moderate
2026-06-09,15:30,28.629690671693165,77.21618311218238,Connaught Place Inner Circle,Arterial,67,47.58,Clear,34.8,49.6,0,0,0,6.31,Low
2026-06-28,13:30,28.54357980181262,77.15913085625432,Nelson Mandela Marg,Arterial,70,47.41,Clear,33.6,34.1,0,1,0,6.33,Low
2026-06-03,11:30,28.59288724398368,77.21892070286535,Lodi Road,Local,19,29.22,Clear,28.4,51.8,0,1,1,10.27,Moderate
2026-06-21,22:30,28.5432683087052,77.17400019495659,Nelson Mandela Marg,Arterial,63,45.33,Clear,32.0,45.3,0,1,0,6.62,Low
2026-06-26,11:45,22.54542593538608,88.35230846487265,Park Street,Local,34,17.61,Rainy,24.5,92.9,0,0,0,17.03,Moderate
2026-06-03,18:45,28.59427933473471,77.1726195446776,Sardar Patel Marg,Arterial,149,17.57,Clear,39.0,51.3,0,0,0,17.08,Moderate
2026-06-04,01:45,28.61756721589747,77.21348481573627,Grand Trunk Road,Highway,127,73.32,Clear,29.7,58.9,0,1,0,4.09,Moderate
2026-06-19,07:15,28.59653986470733,77.18543690999097,Sardar Patel Marg,Arterial,191,13.79,Rainy,23.1,91.6,0,1,0,21.75,High
2026-06-22,10:15,28.55028292830092,77.15856026168065,Nelson Mandela Marg,Arterial,119,16.98,Clear,35.8,35.5,0,1,0,17.67,Moderate
2026-06-07,01:30,28.579203932228157,77.23410644145456,Lodi Road,Local,20,26.52,Clear,32.0,57.5,0,1,0,11.31,Moderate
2026-06-08,17:30,28.575552663818435,77.20156219377502,Ring Road,Highway,306,24.18,Rainy,27.6,81.7,0,1,0,12.41,High
2026-06-23,10:00,28.59073194567605,77.2215143701891,Lodi Road,Local,62,6.39,Foggy,15.8,91.7,0,1,0,46.99,High
2026-06-04,17:00,28.631304714366514,77.22300703987838,Connaught Place Inner Circle,Arterial,156,20.43,Clear,36.5,31.2,0,0,0,14.69,Moderate
2026-06-07,14:45,28.571019102403387,77.21365164339684,Ring Road,Highway,90,81.64,Clear,29.1,47.8,0,1,0,3.67,Low
2026-06-22,02:30,28.593230019211596,77.1727400621102,Sardar Patel Marg,Arterial,94,47.69,Clear,29.0,30.6,0,1,0,6.29,Low
2026-06-10,14:00,28.59408680175155,77.18245052846326,Sardar Patel Marg,Arterial,86,41.47,Clear,41.3,43.3,0,0,0,7.23,Low
2026-06-23,13:00,28.46121028084962,77.02356191095016,MG Road,Highway,124,67.74,Clear,34.9,44.7,0,1,0,4.43,Moderate
2026-06-10,01:00,28.583576588598394,77.22268015473473,Lodi Road,Local,33,21.1,Clear,35.7,55.0,0,1,0,14.22,Moderate
2026-06-08,04:45,28.622125395779673,77.19938598264454,Grand Trunk Road,Highway,149,83.57,Clear,31.1,55.4,0,1,0,3.59,Moderate
2026-06-19,19:30,28.45242442976921,77.0344268720976,MG Road,Highway,312,20.7,Rainy,29.7,86.5,0,0,0,14.49,High
2026-06-20,19:00,28.531604813394857,77.1704094746936,Nelson Mandela Marg,Arterial,132,19.78,Clear,35.9,35.6,0,1,0,15.16,Moderate
2026-06-05,23:00,28.63088377992807,77.26936392853577,Vikas Marg,Arterial,82,9.73,Foggy,16.9,95.8,1,1,0,30.84,High
2026-06-03,03:15,28.563008218442846,77.20606957396026,Ring Road,Highway,138,58.97,Clear,37.0,35.6,0,1,0,5.09,Moderate
2026-06-22,09:00,28.455149976736944,77.02306934669461,MG Road,Highway,319,28.45,Clear,30.0,33.8,0,1,0,10.55,High
2026-06-04,21:00,28.580079239627164,77.2276378646931,Lodi Road,Local,25,22.58,Clear,31.5,52.8,0,0,0,13.29,Moderate
2026-06-18,05:15,28.64135652182799,77.11698850225388,Outer Ring Road,Highway,123,24.58,Clear,35.3,47.7,1,1,0,12.2,Moderate
2026-06-09,22:45,28.637857465715346,77.2158899255669,Connaught Place Inner Circle,Arterial,85,26.73,Rainy,28.7,93.4,0,1,0,11.22,Moderate
2026-06-19,00:30,28.621791635670874,77.21762728744932,Connaught Place Inner Circle,Arterial,90,47.63,Clear,29.8,33.8,0,1,0,6.3,Low
2026-06-30,20:45,28.60652593280983,77.17338768233668,Sardar Patel Marg,Arterial,161,11.25,Foggy,16.0,99.7,0,1,0,26.66,High
2026-06-27,06:00,28.634623089365277,77.27834648939047,Vikas Marg,Arterial,61,35.56,Clear,37.9,32.7,0,1,0,8.44,Low
2026-06-26,13:45,28.615362698693083,77.21854948556602,Grand Trunk Road,Highway,122,80.68,Clear,33.7,51.1,0,0,0,3.72,Moderate
2026-06-14,02:30,28.62817590237923,77.21008200115219,Connaught Place Inner Circle,Arterial,73,29.11,Rainy,26.4,88.2,0,1,0,10.31,Moderate
2026-06-06,23:30,28.557375495101237,77.20003449644219,Ring Road,Highway,116,80.73,Clear,32.4,40.5,0,1,0,3.72,Low
2026-06-16,05:45,22.55492419310345,88.36006863410289,Park Street,Local,26,28.91,Clear,34.2,50.3,0,1,0,10.38,Moderate
2026-06-19,14:45,28.59859966131058,77.18354300391009,Sardar Patel Marg,Arterial,67,28.46,Rainy,24.2,96.6,0,1,0,10.54,Moderate
2026-06-11,06:30,28.618493736115887,77.20318856772278,Grand Trunk Road,Highway,166,75.38,Clear,28.4,41.6,0,1,0,3.98,Moderate
2026-06-20,18:30,28.634946035976554,77.11463034136493,Outer Ring Road,Highway,237,25.36,Clear,34.3,50.7,0,1,0,11.83,Moderate
2026-06-19,15:15,22.54628342187183,88.34595202796164,Park Street,Local,29,24.34,Clear,38.8,31.3,0,1,0,12.33,Moderate
2026-06-23,00:30,28.646101910052483,77.12273441690273,Outer Ring Road,Highway,166,57.37,Clear,37.2,43.1,0,0,0,5.23,Moderate
2026-06-20,13:00,28.589735874485946,77.17455771281546,Sardar Patel Marg,Arterial,9999,34.21,Clear,41.8,56.6,0,0,0,8.77,Moderate
2026-06-01,14:30,28.546409293018893,77.16311762195237,Nelson Mandela Marg,Arterial,51,47.12,Clear,41.8,41.2,0,0,1,6.37,Low
2026-06-18,01:45,28.617443199158448,77.21074051763868,Grand Trunk Road,Highway,136,67.99,Clear,29.8,43.7,0,0,0,4.41,Moderate
2026-06-27,18:30,28.543239396150234,77.16317421710438,Nelson Mandela Marg,Arterial,110,21.25,Clear,35.3,58.3,0,1,0,14.12,Moderate
2026-06-07,05:15,28.545730592646063,77.16951004008834,Nelson Mandela Marg,Arterial,48,35.31,Clear,39.0,43.6,0,1,0,8.5,Low
2026-06-11,08:00,28.605590463310016,77.18373040388896,Sardar Patel Marg,Arterial,141,15.24,Clear,38.9,54.3,0,0,0,19.68,Moderate
2026-06-04,11:00,28.630632300225425,77.12546784449258,Outer Ring Road,Highway,121,78.57,Clear,39.0,45.9,0,1,0,3.82,Moderate
2026-06-16,20:30,28.590010123480837,77.21899520475318,Lodi Road,Local,56,11.85,Clear,39.6,49.0,0,1,0,25.32,High
2026-06-19,05:45,22.554187582929263,88.35643822030198,Park Street,Local,28,-50.0,Clear,32.7,43.7,0,0,0,13.82,Moderate
2026-06-25,03:15,28.629242074924157,77.22080464969152,Connaught Place Inner Circle,Arterial,72,14.37,Clear,39.7,43.8,1,1,0,20.87,High
2026-06-21,00:15,28.639529962495544,77.2254345276629,Connaught Place Inner Circle,Arterial,60,26.48,Rainy,26.3,88.2,0,1,0,11.33,Moderate
2026-06-27,15:00,28.582667049880673,77.21530233156578,Lodi Road,Local,24,25.15,Clear,40.9,31.1,0,1,0,11.93,Moderate
2026-06-15,04:30,28.630881448930136,77.22599631951529,Connaught Place Inner Circle,Arterial,65,32.61,Rainy,26.5,87.6,0,1,0,9.2,Moderate
2026-06-08,20:15,28.594504345212176,77.21869477987877,Lodi Road,Local,64,12.38,Clear,31.4,48.5,0,1,0,24.23,High
2026-06-01,02:30,22.545414055767985,88.34259915989186,Park Street,Local,35,27.57,Clear,40.4,40.8,0,1,0,10.88,Moderate
2026-06-04,17:45,28.57905796515214,77.22206710848126,Lodi Road,Local,82,11.23,Clear,41.4,43.0,0,0,0,26.71,High
2026-06-28,21:30,28.45979947569964,77.0282472343148,MG Road,Highway,116,62.71,Clear,41.8,31.8,0,1,0,4.78,Low
2026-06-15,06:15,28.538297124291525,77.17269117725627,Nelson Mandela Marg,Arterial,85,28.73,Rainy,24.7,90.5,0,0,0,10.44,Moderate
2026-06-12,09:15,28.623267195630195,77.21212290085118,Grand Trunk Road,Highway,298,35.63,Clear,35.5,49.8,0,1,0,8.42,High
2026-06-07,08:45,28.632981794975365,77.12970067690013,Outer Ring Road,Highway,223,27.27,Clear,38.7,56.5,0,0,0,11.0,Moderate
2026-06-14,10:30,28.560791624570182,77.20405376405157,Ring Road,Highway,173,24.86,Rainy,24.8,99.7,0,1,0,12.07,Moderate
2026-06-27,20:00,28.633556453197457,77.21196328404783,Connaught Place Inner Circle,Arterial,107,13.26,Foggy,11.6,88.8,0,1,0,22.62,High
2026-06-10,13:30,22.550377460871445,88.35274221094114,Park Street,Local,27,24.93,Clear,35.5,56.6,0,1,0,12.03,Moderate
2026-06-12,18:00,28.627327986395258,77.21508660337639,Connaught Place Inner Circle,Arterial,167,18.54,Clear,39.7,31.4,0,1,0,16.18,Moderate
2026-06-07,22:15,28.54365265842571,77.15799070101473,Nelson Mandela Marg,Arterial,49,43.46,Clear,38.5,30.5,0,1,0,6.9,Low
2026-06-05,15:30,22.551098201716037,88.35874727027625,Park Street,Local,24,24.84,Clear,40.6,51.7,0,1,0,12.08,Moderate
2026-06-20,12:30,28.59504687523678,77.18673277439628,Sardar Patel Marg,Arterial,55,33.74,Clear,30.0,46.6,0,1,0,8.89,Moderate
2026-06-13,14:15,28.605525610466415,77.21660739252519,Grand Trunk Road,Highway,101,64.56,Clear,33.7,31.3,0,1,0,4.65,Low
2026-06-02,06:30,28.464725428592505,77.03568462714954,MG Road,Highway,157,59.47,Clear,39.8,54.2,0,0,0,5.04,Moderate
2026-06-14,08:15,28.649890102084413,77.1102401832617,Outer Ring Road,Highway,281,31.91,Clear,33.4,37.7,0,1,0,9.4,High
2026-06-16,16:45,28.59967204803051,77.16968593928792,Sardar Patel Marg,Arterial,50,,Rainy,25.2,99.6,0,0,1,9.93,Moderate
2026-06-30,17:00,28.58820692673743,77.23311451589092,Lodi Road,Local,67,6.62,Foggy,15.7,87.3,0,0,0,45.29,High
2026-06-21,09:15,28.57502101233861,77.21187350148796,Ring Road,Highway,294,25.34,Rainy,29.4,98.0,0,1,0,11.84,High
2026-06-16,04:30,28.644137842926504,77.27613308801457,Vikas Marg,Arterial,76,12.25,Clear,28.5,47.0,1,1,0,24.49,High
2026-06-14,08:15,28.5585051037825,77.21718845181722,Ring Road,Highway,297,33.08,Clear,41.7,54.9,0,1,0,9.07,High
2026-06-01,11:15,28.589400871105962,77.22339211198472,Lodi Road,Local,29,21.88,Clear,35.5,39.3,0,1,0,13.71,Moderate
2026-06-07,15:30,22.5555387768962,88.34809874187324,Park Street,Local,23,26.18,Clear,30.6,48.5,0,0,0,11.46,Moderate
2026-06-14,10:30,28.468914563279714,77.02169584711463,MG Road,Highway,200,24.84,Foggy,13.9,98.6,0,1,0,12.08,Moderate
2026-06-20,23:45,28.537172566661795,77.16216896306447,Nelson Mandela Marg,Arterial,63,,Clear,39.3,43.6,0,1,0,7.7,Low
2026-06-03,23:30,28.60374249931795,77.17828805851022,Sardar Patel Marg,Arterial,89,41.5,Clear,36.1,53.9,0,1,0,7.23,Low
2026-06-09,07:15,28.592397480252853,77.2294855067365,Lodi Road,Local,63,9.68,Clear,30.9,42.5,0,1,0,30.99,High
2026-06-18,16:30,28.603639356767054,77.16785674642378,Sardar Patel Marg,Arterial,72,24.63,Rainy,22.2,90.5,0,1,0,12.18,Moderate
2026-06-12,23:00,28.636964453549837,77.26608581540081,Vikas Marg,Arterial,77,33.21,Clear,36.1,44.0,0,1,0,9.03,Moderate
2026-06-14,12:45,28.624472054314694,77.21331874876684,Connaught Place Inner Circle,Arterial,48,23.94,Rainy,22.6,81.4,0,1,0,12.53,Moderate
2026-06-08,01:15,28.451038212774705,77.02070187507448,MG Road,Highway,135,72.94,Clear,28.5,32.1,0,1,0,4.11,Moderate
2026-06-17,19:00,28.57283680382346,77.20492374714922,Ring Road,Highway,249,28.36,Clear,36.2,47.3,0,0,0,10.58,Moderate
2026-06-14,01:15,28.461139207080382,77.03477995988746,MG Road,Highway,111,29.74,Snowy,2.7,91.0,0,0,0,10.09,Moderate
2026-06-05,04:15,28.467175919681527,77.03497992326159,MG Road,Highway,160,65.31,Clear,28.5,43.0,0,1,0,4.59,Moderate
2026-06-18,11:45,28.636631173814582,77.22117895836656,Connaught Place Inner Circle,Arterial,80,22.74,Snowy,1.1,74.0,0,1,0,13.19,Moderate
2026-06-29,07:45,28.648696102882678,77.2756598485821,Vikas Marg,Arterial,140,,Rainy,27.1,97.0,0,1,0,23.5,High
2026-06-11,04:45,28.643916033435122,77.2748545085326,Vikas Marg,Arterial,71,29.69,Rainy,29.5,91.6,0,1,0,10.1,Moderate
2026-06-02,23:30,28.621288049312124,77.223628712887,Connaught Place Inner Circle,Arterial,69,41.05,Clear,35.9,32.5,0,0,0,7.31,Low
2026-06-19,18:45,28.596958251017803,77.22989273933584,Lodi Road,Local,42,12.74,Clear,40.1,55.5,0,0,1,23.54,High
2026-06-20,07:00,28.622392949571186,77.20107194299996,Grand Trunk Road,Highway,217,35.37,Clear,34.8,41.0,0,1,0,8.48,Moderate
2026-06-09,10:30,28.631721090893723,77.1111093139453,Outer Ring Road,Highway,356,29.67,Clear,30.2,49.3,0,1,0,10.11,High
2026-06-28,20:30,22.547876318274486,88.35490568078993,Park Street,Local,42,9.41,Clear,38.4,34.2,0,0,0,31.87,High
2026-06-13,00:15,28.53546024267972,77.17033928010045,Nelson Mandela Marg,Arterial,52,36.45,Clear,33.3,45.1,0,0,0,8.23,Low
2026-06-05,08:30,28.564049999860163,77.20153698923721,Ring Road,Highway,298,22.67,Rainy,25.8,98.6,0,1,0,13.24,High
2026-06-22,20:00,999.0,77.21278936878984,Ring Road,Highway,301,5.0,Snowy,4.6,91.4,1,1,0,60.0,High
2026-06-02,22:45,22.556123778305313,88.35995611358376,Park Street,Local,29,24.18,Clear,29.0,44.5,0,1,0,12.41,Moderate
2026-06-30,20:00,28.54948779707397,77.15544359309061,Nelson Mandela Marg,Arterial,165,19.52,Clear,34.2,40.6,0,0,0,15.37,Moderate
2026-06-02,07:30,22.548762410328518,88.36025336692201,Park Street,Local,67,12.2,Clear,28.4,38.2,0,1,0,24.59,High
2026-06-17,04:45,28.57942819530054,77.22826842692487,Lodi Road,Local,34,12.52,Snowy,-3.9,87.6,0,0,0,23.96,High
2026-06-21,21:00,28.612039761775804,77.20762212974691,Grand Trunk Road,Highway,85,72.29,Clear,34.3,44.8,0,0,0,4.15,Low
2026-06-04,23:30,28.456496780510133,77.03656487827726,MG Road,Highway,137,41.51,Foggy,17.1,89.9,0,0,0,7.23,Moderate
2026-06-17,01:45,28.630826681714336,77.21324362729348,Connaught Place Inner Circle,Arterial,95,35.89,,31.0,46.6,0,0,0,8.36,Low
2026-06-13,03:30,28.585374127151308,77.23086219569488,Lodi Road,Local,19,27.64,Clear,35.3,43.0,0,1,0,10.86,Moderate
2026-06-11,19:30,28.63132842848428,77.21009455027999,Connaught Place Inner Circle,Arterial,140,19.0,Clear,39.3,36.3,0,1,0,15.79,Moderate
2026-06-24,11:45,28.597654492391875,77.23368386972918,Lodi Road,Local,29,16.72,Rainy,22.1,90.9,0,1,0,17.94,Moderate
2026-06-10,12:00,28.632070871439055,77.11915627300169,Outer Ring Road,Highway,167,47.49,Foggy,18.9,91.2,0,1,0,6.32,Moderate
2026-06-17,10:30,28.547760294981256,77.1595166216005,Nelson Mandela Marg,Arterial,9999,21.14,Clear,36.2,39.5,0,1,0,14.19,Moderate
2026-06-30,19:45,28.60183474089628,77.18037903283522,Sardar Patel Marg,Arterial,162,8.63,Snowy,,73.9,0,1,0,34.78,High
2026-06-25,23:15,28.456742975669602,77.03164621941347,MG Road,Highway,137,,Clear,33.0,35.3,0,1,0,4.48,Moderate
2026-06-01,20:15,28.614628607935792,77.21384185185117,Grand Trunk Road,Highway,360,23.74,Foggy,13.4,94.7,0,0,0,12.64,High
2026-06-15,15:45,28.63307096923041,77.27830993674233,Vikas Marg,Arterial,81,26.15,Foggy,18.8,87.4,0,1,0,11.47,Moderate
2026-06-11,09:00,28.61787453847408,77.20224561648628,Grand Trunk Road,Highway,310,27.89,Clear,28.4,41.4,0,1,0,10.76,High
2026-06-07,05:00,28.624940636685647,77.21876784880459,Connaught Place Inner Circle,Arterial,59,44.25,Clear,32.7,49.2,0,1,0,6.78,Low
2026-06-23,07:15,28.58643705731476,77.22160607202004,Lodi Road,Local,68,11.8,Clear,28.0,51.6,0,0,0,25.42,High
2026-06-10,11:45,28.605475218660928,77.21239322323267,Grand Trunk Road,Highway,143,40.17,Rainy,26.8,98.5,0,1,0,7.47,Moderate
2026-06-03,13:00,28.58923890724814,77.23423990154909,Lodi Road,Local,26,24.88,Clear,28.1,42.0,0,1,0,12.06,Moderate
2026-06-18,02:45,28.585750446582146,77.22296833418613,Lodi Road,Local,34,15.62,Rainy,24.6,80.3,0,1,0,19.21,Moderate
2026-06-01,16:45,28.45883185746871,77.03455662159203,MG Road,Highway,133,69.66,Clear,35.7,38.6,0,1,0,4.31,Moderate
2026-06-14,09:30,22.5411380628456,88.3522797452755,Park Street,Local,44,10.38,Clear,38.3,38.5,0,1,0,28.89,High
2026-06-15,03:15,28.632068922333858,77.11695128562324,Outer Ring Road,Highway,132,-50.0,Clear,32.5,50.6,0,1,0,4.18,Moderate
2026-06-14,16:00,28.643279920349194,77.12824119795643,Outer Ring Road,Highway,102,56.64,Clear,38.1,43.4,0,1,1,5.3,Low
2026-06-06,19:00,28.642616464620478,77.27740858504687,Vikas Marg,Arterial,116,18.01,Clear,34.5,39.3,0,1,0,16.66,Moderate
2026-06-08,09:00,28.46738671217517,77.02122528599298,MG Road,Highway,340,33.14,Clear,39.4,41.1,0,1,0,9.05,High
2026-06-21,09:15,28.622098593979544,77.21481777886372,Grand Trunk Road,Highway,291,,Clear,35.1,32.5,0,1,0,10.77,High
2026-06-08,09:30,28.579689322358767,77.21831500806248,Lodi Road,Local,56,10.76,Clear,32.8,50.6,0,1,0,27.89,High
2026-06-13,20:00,28.633875375897826,77.11607081815995,Outer Ring Road,Highway,307,21.86,Foggy,16.9,90.5,0,1,0,13.72,High
2026-06-23,14:00,28.595140631975536,77.21660238259706,Lodi Road,Local,33,28.16,Clear,35.4,38.7,0,1,0,10.65,Moderate
2026-06-03,16:45,28.637278777668083,77.12696189327603,Outer Ring Road,Highway,171,68.78,Clear,31.8,59.5,0,1,0,4.36,Moderate
2026-06-05,06:15,28.561361603138195,77.20303365696732,Ring Road,Highway,111,75.75,Clear,37.8,47.9,0,1,1,3.96,Low
2026-06-23,12:00,28.56204844190012,77.20337164006995,Ring Road,Highway,175,81.42,Clear,32.9,54.1,0,1,0,3.68,Moderate
2026-06-07,13:00,28.537703390040907,77.16419553686947,Nelson Mandela Marg,Arterial,49,46.05,Clear,35.2,39.7,0,1,0,6.51,Low
2026-06-12,07:30,28.6335943464528,77.22689378438227,Connaught Place Inner Circle,Arterial,146,11.54,Rainy,28.0,98.8,0,0,0,26.01,High
2026-06-10,22:45,28.540715154057228,77.15581479290593,Nelson Mandela Marg,Arterial,67,45.49,Clear,37.9,49.8,0,0,0,6.6,Low
2026-06-19,09:45,28.56644671759327,77.2160791823218,Ring Road,Highway,366,34.47,Clear,30.9,53.5,0,1,0,8.7,High
2026-06-18,16:45,28.568608994697446,77.21994732363099,Ring Road,Highway,145,76.47,Clear,42.0,43.1,0,1,0,3.92,Moderate
2026-06-26,12:30,28.541106073493353,77.1686658054782,Nelson Mandela Marg,Arterial,95,32.42,Clear,34.0,43.9,0,1,0,9.25,Moderate
2026-06-01,22:30,28.641368606802235,77.2691112703017,Vikas Marg,Arterial,71,45.13,Clear,40.6,38.7,0,1,0,6.65,Low
2026-06-01,04:00,28.62583537395348,77.21572734971434,Connaught Place Inner Circle,Arterial,76,11.41,Clear,38.2,37.6,1,0,0,26.3,High
2026-06-18,15:45,28.6060924997266,77.20879788284262,Grand Trunk Road,Highway,123,61.54,Clear,28.5,48.6,0,1,0,4.88,Moderate
2026-06-07,10:45,28.61443972436653,77.20648899755078,Grand Trunk Road,Highway,179,25.84,Rainy,24.6,96.4,0,1,0,11.61,Moderate
2026-06-06,16:30,28.635787562017438,77.1222924956536,Outer Ring Road,Highway,91,70.03,Clear,32.1,47.6,0,0,0,4.28,Low
2026-06-16,21:15,28.62278489822639,77.21588152069131,Connaught Place Inner Circle,Arterial,81,33.59,Clear,28.6,47.7,0,1,0,8.93,Moderate
2026-06-29,16:15,28.6287061946383,77.28344562190091,Vikas Marg,Arterial,9999,22.86,Snowy,1.9,87.7,0,1,0,13.13,Moderate
2026-06-15,13:45,22.54838650555543,88.35676068861702,Park Street,Local,29,20.39,Clear,33.0,41.5,0,1,0,14.71,Moderate
2026-06-10,03:30,28.565762988839847,77.20807347315248,Ring Road,Highway,123,68.79,Clear,38.9,49.2,0,0,0,4.36,Moderate
2026-06-19,13:00,28.641059460936948,77.27910755418303,Vikas Marg,Arterial,64,40.83,Clear,31.7,33.5,0,0,0,7.35,Low
2026-06-11,11:15,28.63142455556637,77.26942161404617,Vikas Marg,Arterial,65,37.55,Clear,29.2,53.1,0,1,0,7.99,Low
2026-06-22,13:45,28.63873646584047,77.22055483800803,Connaught Place Inner Circle,Arterial,76,44.63,Clear,36.8,52.0,0,1,0,6.72,Low
2026-06-02,19:15,28.594122141832013,77.18458362811784,Sardar Patel Marg,Arterial,9999,16.39,Clear,30.9,41.0,0,1,0,18.3,Moderate
2026-06-30,22:45,28.453062651939934,77.03059269334003,MG Road,Highway,105,76.34,Clear,32.4,47.5,0,1,1,3.93,Low
2026-06-10,18:45,28.564839413168333,77.21822858617676,Ring Road,Highway,253,19.92,Rainy,28.3,91.5,0,1,0,15.06,High
2026-06-01,20:45,28.643315246037066,77.27178160423311,Vikas Marg,Arterial,188,12.41,Rainy,27.1,86.9,0,0,0,24.17,High
2026-06-03,10:15,28.636783311820846,77.1159678184374,Outer Ring Road,Highway,282,26.65,Clear,35.8,44.8,0,0,0,11.26,High
2026-06-19,08:15,28.586969352202917,77.214979918916,Lodi Road,Local,68,9.21,Clear,39.2,32.8,0,0,0,32.56,High
2026-06-27,21:15,28.450201752224324,77.02962800717403,MG Road,Highway,125,64.06,Clear,37.6,40.6,0,1,0,4.68,Moderate
2026-06-29,01:30,28.643701681498975,77.26988902652465,Vikas Marg,Arterial,82,43.8,Clear,32.8,46.9,0,1,0,6.85,Low
2026-06-24,08:30,28.57080531257457,77.21781623788627,Ring Road,Highway,247,27.78,Clear,31.7,36.6,0,0,0,10.8,Moderate
2026-06-21,19:45,28.62303952379421,77.20823546608622,Grand Trunk Road,Highway,280,19.74,Rainy,25.3,85.3,0,1,0,15.2,High
2026-06-13,09:30,28.460505281957182,77.02252126859416,MG Road,Highway,211,27.38,Clear,28.5,39.8,0,1,0,10.96,Moderate
2026-06-03,15:00,28.591885828047634,77.22934443671049,Lodi Road,Local,26,27.72,Clear,31.6,46.4,0,1,0,10.82,Moderate
2026-06-27,00:45,22.542261691456407,88.34509000942926,Park Street,Local,17,,Rainy,28.1,89.7,0,1,0,16.65,Moderate
2026-06-01,01:30,28.540460800171118,77.16966445342673,Nelson Mandela Marg,Arterial,65,36.69,Clear,36.2,41.6,0,1,0,8.18,Low
2026-06-17,05:00,28.548299481467296,77.1578523963891,Nelson Mandela Marg,Arterial,74,9.22,Rainy,27.1,90.5,1,1,0,32.54,High
2026-06-30,09:15,28.621874196373447,77.21794388953519,Connaught Place Inner Circle,Arterial,156,14.61,Clear,38.0,52.4,0,1,0,20.53,High
2026-06-11,21:15,28.535497381644348,77.15592168682532,Nelson Mandela Marg,Arterial,95,47.8,Clear,32.7,41.7,0,1,0,6.28,Low
2026-06-06,06:15,28.616341690116133,77.19974863954907,Grand Trunk Road,Highway,113,80.52,Clear,34.2,54.3,0,0,0,3.73,Low
2026-06-16,23:45,28.468701339663593,77.01795056374452,MG Road,Highway,155,81.07,Clear,33.3,54.3,0,0,0,3.7,Moderate
2026-06-08,14:30,28.64596374696736,77.27299923049766,Vikas Marg,Arterial,89,32.82,Clear,38.2,59.9,0,1,0,9.14,Moderate
2026-06-25,09:15,28.61913626193752,77.20608009886362,Grand Trunk Road,Highway,246,,Clear,29.8,33.6,0,0,0,10.81,Moderate
2026-06-15,18:45,22.551024987456675,88.34879440456446,Park Street,Local,40,7.08,Rainy,29.0,83.5,0,1,1,42.37,High
2026-06-05,04:00,28.55141450110495,77.16943559613956,Nelson Mandela Marg,Arterial,90,37.24,Clear,36.6,58.5,0,1,0,8.06,Low
2026-06-30,19:30,28.62918106079903,77.21345508481124,Connaught Place Inner Circle,Arterial,161,20.15,Clear,28.6,46.3,0,1,0,14.89,Moderate
2026-06-23,02:45,28.623570830711834,77.2156592075289,Connaught Place Inner Circle,Arterial,93,47.41,Clear,34.6,41.4,0,1,0,6.33,Low
2026-06-20,23:30,28.591391037245707,77.21922343964967,Lodi Road,Local,22,14.4,Rainy,25.0,98.2,0,1,0,20.84,High
2026-06-01,13:30,28.595123185849324,77.16997174855244,Sardar Patel Marg,Arterial,79,43.15,Clear,40.5,58.9,0,1,0,6.95,Low
2026-06-22,17:00,28.468826668676112,77.01973162752358,MG Road,Highway,249,32.78,,34.2,39.1,0,1,0,9.15,Moderate
2026-06-02,12:30,28.59742459467371,77.18368476859283,Sardar Patel Marg,Arterial,72,28.92,Rainy,26.3,86.0,0,1,0,10.37,Moderate
2026-06-17,08:45,22.556002408827947,88.3620372340506,Park Street,Local,61,8.41,Rainy,25.6,85.6,0,1,0,35.66,High
2026-06-05,08:45,28.600188042317964,77.16791552678858,Sardar Patel Marg,Arterial,150,21.42,Clear,37.9,31.7,0,0,1,14.0,Moderate
2026-06-10,18:30,28.581330024450363,77.22670723538644,Lodi Road,Local,62,9.59,Clear,41.5,33.0,0,1,0,31.28,High
2026-06-05,20:45,28.638797816285578,77.28483546568819,Vikas Marg,Arterial,168,,Clear,35.2,31.4,0,0,0,14.76,Moderate
2026-06-06,06:45,28.57649030478569,77.21216660510294,Ring Road,Highway,113,64.48,Clear,29.5,58.0,0,1,0,4.65,Low
2026-06-22,19:30,28.54729464825728,77.173938574487,Nelson Mandela Marg,Arterial,140,21.57,Clear,28.6,40.2,0,0,0,13.91,Moderate
2026-06-09,18:30,28.58429294780008,77.22088088062708,Lodi Road,Local,64,8.45,Rainy,29.4,92.0,0,1,0,35.51,High
2026-06-25,18:00,28.605506302860608,77.17392769434075,Sardar Patel Marg,Arterial,197,19.55,Clear,29.2,45.7,0,1,0,15.34,Moderate
2026-06-05,21:00,22.548075749115107,88.34591621270076,Park Street,Local,25,,Rainy,27.7,82.7,0,0,1,14.76,Moderate
2026-06-11,08:15,28.633424939354303,77.28396765094743,Vikas Marg,Arterial,176,19.31,Clear,33.4,30.0,0,0,0,15.53,Moderate
2026-06-28,18:00,28.597303952782838,77.1795736866685,Sardar Patel Marg,Arterial,122,16.47,Clear,,31.2,0,0,0,18.21,Moderate
2026-06-23,10:45,28.64811975812518,77.1146906174397,Outer Ring Road,Highway,384,29.01,Clear,28.3,38.8,0,1,0,10.34,High
2026-06-24,23:15,28.564198570675426,77.21086025020028,Ring Road,Highway,179,60.97,Clear,33.7,39.4,0,1,0,4.92,Moderate
2026-06-22,02:00,28.59147521332168,77.16860082648184,Sardar Patel Marg,Arterial,72,45.2,Clear,40.8,42.2,0,1,0,6.64,Low
2026-06-02,20:00,28.611393061833066,77.19933666639722,Grand Trunk Road,Highway,289,30.02,Clear,30.5,30.1,0,0,0,9.99,High
2026-06-02,12:30,28.61917079470183,77.21730282472511,Grand Trunk Road,Highway,172,74.82,Clear,35.4,45.5,0,0,0,4.01,Moderate
2026-06-10,21:00,28.590571454754112,77.2262951083558,Lodi Road,Local,27,23.86,Clear,29.7,59.0,0,1,0,12.57,Moderate
2026-06-08,10:30,28.62889766575551,77.27256179043262,Vikas Marg,Arterial,180,20.01,Clear,30.8,44.9,0,1,0,15.0,Moderate
2026-06-07,03:45,28.614015666002402,77.21200876527533,Grand Trunk Road,Highway,85,57.79,Clear,41.3,45.0,0,0,0,5.19,Low
2026-06-15,17:00,28.61583920573691,77.2048175946449,Grand Trunk Road,Highway,405,26.09,Clear,35.5,58.2,0,1,0,11.5,High
2026-06-24,12:30,28.592136673997928,77.18085154758795,Sardar Patel Marg,Arterial,91,31.19,Rainy,29.3,88.2,0,0,0,9.62,Moderate
2026-06-10,19:15,28.607408820729674,77.179872655951,Sardar Patel Marg,Arterial,162,15.62,Clear,39.7,35.1,0,1,0,19.21,Moderate
2026-06-07,07:30,28.636728960841534,77.22268670359588,Connaught Place Inner Circle,Arterial,95,20.09,Clear,39.4,35.4,0,1,0,14.93,Moderate
2026-06-16,17:15,28.637335350763973,77.27344511829313,Vikas Marg,Arterial,146,12.26,Foggy,13.0,85.5,0,0,0,24.47,High
2026-06-26,06:45,28.6338622660462,77.21127857023122,Connaught Place Inner Circle,Arterial,71,37.61,Clear,36.6,42.8,0,1,0,7.98,Low
2026-06-04,17:30,28.559529254977832,77.21759533875819,Ring Road,Highway,399,24.58,Rainy,26.4,89.6,0,0,0,12.2,High
2026-06-13,21:45,28.639603816581808,77.27688910455734,Vikas Marg,Arterial,52,20.62,Snowy,4.2,92.1,0,1,0,14.55,Moderate
2026-06-07,11:15,22.546452823101312,88.35456572787666,Park Street,Local,20,23.24,Clear,32.6,59.6,0,1,0,12.91,Moderate
2026-06-05,06:00,22.546460767008366,88.34541080183001,Park Street,Local,30,21.04,Clear,33.6,30.1,0,1,0,14.26,Moderate
2026-06-14,17:45,28.59919445411133,77.18505837946466,Sardar Patel Marg,Arterial,126,-50.0,Clear,33.5,59.9,0,0,0,18.1,Moderate
2026-06-27,15:15,28.5486104421921,77.15526301578346,Nelson Mandela Marg,Arterial,48,42.01,Clear,31.1,48.2,0,1,0,7.14,Low
2026-06-21,08:45,28.53919819089648,77.17040541194415,Nelson Mandela Marg,Arterial,130,21.34,Clear,30.5,48.8,0,1,0,14.06,Moderate
2026-06-13,10:15,28.600033591275054,77.17903528884221,Sardar Patel Marg,Arterial,97,14.75,Clear,35.4,37.0,0,1,0,20.33,High
2026-06-23,18:30,28.633796356359294,77.28139296411496,Vikas Marg,Arterial,189,18.76,Clear,36.0,44.8,0,0,0,15.99,Moderate
2026-06-04,21:00,28.590919513933923,77.17491234931587,Sardar Patel Marg,Arterial,92,29.35,Rainy,28.9,94.3,0,1,0,10.22,Moderate
2026-06-16,04:00,28.59502081869053,77.21881382735947,Lodi Road,Local,35,25.65,Clear,28.3,41.9,0,1,0,11.69,Moderate
2026-06-11,02:15,28.63774702204697,77.27614763917697,Vikas Marg,Arterial,83,39.49,Clear,38.5,45.7,0,1,0,7.6,Low
2026-06-12,15:45,28.617946290367716,77.21470431750251,Grand Trunk Road,Highway,169,53.29,Foggy,17.5,87.6,0,1,0,5.63,Moderate
2026-06-11,10:45,28.63407749698683,77.27067538986167,Vikas Marg,Arterial,135,15.48,Clear,37.1,47.3,0,0,0,19.38,Moderate
2026-06-01,13:00,28.639631067942545,77.12334003065362,Outer Ring Road,Highway,124,72.97,Clear,36.1,52.2,0,1,0,4.11,Moderate
2026-06-11,11:15,28.63391096796712,77.1246002197755,Outer Ring Road,Highway,133,45.36,Foggy,19.3,88.9,0,1,0,6.61,Moderate
2026-06-28,04:15,28.561852488920188,77.2125298626367,Ring Road,Highway,88,80.06,Clear,39.1,46.0,0,1,0,3.75,Low
2026-06-10,14:30,28.535268189272347,77.16985780284784,Nelson Mandela Marg,Arterial,93,45.48,Clear,40.7,53.7,0,1,0,6.6,Low
2026-06-06,10:30,28.59533842013821,77.23062833348038,Lodi Road,Local,49,13.15,Clear,37.5,49.0,0,0,0,22.81,High
2026-06-16,17:45,28.54216689386873,77.170371352028,Nelson Mandela Marg,Arterial,168,21.45,Clear,36.1,41.1,0,1,0,13.99,Moderate
2026-06-04,10:30,28.638565772469747,77.21603360760862,Connaught Place Inner Circle,Arterial,167,21.28,Clear,35.0,44.8,0,1,0,14.1,Moderate
2026-06-10,06:15,28.629551819079406,77.28518471994535,Vikas Marg,Arterial,82,39.82,Clear,32.3,45.2,0,1,0,7.53,Low
2026-06-01,02:30,28.5971450924505,77.22328141229484,Lodi Road,Local,33,12.03,Snowy,0.2,90.8,0,1,0,24.93,High
2026-06-14,16:15,28.450744874523174,77.0270374594553,MG Road,Highway,85,40.53,Rainy,27.5,99.0,0,1,0,7.4,Low
2026-06-30,10:30,28.60082814825798,77.16757973860189,Sardar Patel Marg,Arterial,143,20.9,Clear,36.3,32.8,0,0,0,14.35,Moderate
2026-06-23,12:45,28.603899303969218,77.17966864062565,Sardar Patel Marg,Arterial,73,31.72,Rainy,26.2,99.0,0,1,0,9.46,Moderate
2026-06-01,16:30,28.597678239764637,77.22825089811057,Lodi Road,Local,35,,Clear,33.4,56.4,0,1,0,11.95,Moderate
2026-06-19,06:30,28.594941773063745,77.17127442305645,Sardar Patel Marg,Arterial,93,38.22,Clear,39.3,46.8,0,0,0,7.85,Low
2026-06-07,10:45,28.60898450060165,77.20908190229352,Grand Trunk Road,Highway,311,25.15,Rainy,24.2,85.7,0,1,0,11.93,High
2026-06-08,14:15,28.456451837644593,77.02898177130548,MG Road,Highway,129,,Snowy,3.6,77.1,0,1,0,7.99,Moderate
2026-06-29,20:45,28.458892577612847,77.03414730091427,MG Road,Highway,237,20.56,Foggy,16.6,99.1,0,1,0,14.59,Moderate
2026-06-23,22:15,28.461909359464283,77.03249359136862,MG Road,Highway,136,73.41,Clear,40.9,35.0,0,1,0,4.09,Moderate
2026-06-23,01:45,28.6095832561141,77.21385970646742,Grand Trunk Road,Highway,150,66.22,Clear,,56.3,0,0,0,4.53,Moderate
2026-06-16,14:45,28.592728337104205,77.16940383082891,Sardar Patel Marg,Arterial,92,25.46,Foggy,16.3,96.8,0,1,0,11.79,Moderate
2026-06-14,22:30,28.560454982155647,77.20404168629955,Ring Road,Highway,89,73.41,Clear,36.2,43.5,0,0,0,4.09,Low
2026-06-06,01:45,28.63980834958774,77.20891563684968,Connaught Place Inner Circle,Arterial,49,34.57,Clear,39.6,44.8,0,0,0,8.68,Moderate
2026-06-28,17:15,28.57421461369172,77.20589236599369,Ring Road,Highway,182,33.41,Clear,36.7,37.4,0,1,0,8.98,Moderate
2026-06-15,22:30,28.602223817994638,77.18106970220994,Sardar Patel Marg,Arterial,91,32.85,Rainy,25.6,97.9,0,1,0,9.13,Moderate
2026-06-25,00:30,28.645009444744623,77.27430982826904,Vikas Marg,Arterial,66,36.57,Clear,41.6,39.6,0,1,0,8.2,Low
2026-06-06,21:00,28.619042476479546,77.20280251795378,Grand Trunk Road,Highway,100,55.82,Rainy,28.4,93.2,0,1,0,5.37,Low
2026-06-08,05:30,28.620554461955944,77.20110436948283,Grand Trunk Road,Highway,165,61.07,Clear,33.3,35.5,0,1,0,4.91,Moderate
2026-06-12,17:00,28.62218376848267,77.2095236562021,Grand Trunk Road,Highway,324,16.11,Snowy,0.5,82.3,0,1,0,18.62,High
2026-06-12,15:15,28.641799552093993,77.1187415751658,Outer Ring Road,Highway,164,71.52,Clear,35.6,58.7,0,1,0,4.19,Moderate
2026-06-29,19:45,28.62035312567377,77.2157347513989,Grand Trunk Road,Highway,336,32.36,Clear,38.4,57.5,0,1,0,9.27,High
2026-06-05,12:00,28.578145219709945,77.2250074255957,Lodi Road,Local,34,22.31,Clear,41.5,39.0,0,1,0,13.44,Moderate
2026-06-25,23:00,28.601625445132825,77.16976061830394,Sardar Patel Marg,Arterial,87,45.26,Clear,29.1,52.6,0,1,0,6.63,Low
2026-06-18,10:00,28.628823659019275,77.27567974530861,Vikas Marg,Arterial,122,21.56,Clear,30.2,38.3,0,0,0,13.92,Moderate
2026-06-28,06:30,28.638387363026855,77.27727725547926,Vikas Marg,Arterial,46,43.16,Clear,39.9,41.6,0,1,0,6.95,Low
2026-06-05,21:30,28.463478051437882,77.03262860764417,MG Road,Highway,128,56.84,Clear,34.2,58.0,0,1,0,5.28,Moderate
2026-06-20,14:30,28.468555856541656,77.02802185217973,MG Road,Highway,116,51.63,Rainy,24.7,96.6,0,1,0,5.81,Low
2026-06-24,09:30,28.63969996116686,77.2202458593515,Connaught Place Inner Circle,Arterial,150,10.1,Foggy,18.3,89.1,0,0,0,29.7,High
2026-06-18,05:15,28.565710685954425,77.20625149454155,Ring Road,Highway,176,63.51,Clear,31.1,30.0,0,0,0,4.72,Moderate
2026-06-21,16:30,28.62434411794462,77.21146785964807,Connaught Place Inner Circle,Arterial,42,35.35,Clear,29.6,42.1,0,1,0,8.49,Low
2026-06-03,21:30,28.565570327733052,77.20762982586484,Ring Road,Highway,127,56.47,Clear,40.3,43.5,0,0,0,5.31,Moderate
2026-06-26,03:15,22.55269244574881,88.34993678193122,Park Street,Local,35,21.36,Clear,28.4,46.1,0,1,0,14.04,Moderate
2026-06-02,04:30,22.55779042752357,88.35436627808892,Park Street,Local,33,24.04,Clear,38.2,52.8,0,0,0,12.48,Moderate
2026-06-13,13:15,28.576268539668018,77.20157893929672,Ring Road,Highway,120,58.71,Clear,31.6,51.0,0,1,0,5.11,Low
2026-06-21,02:00,22.548937608880642,88.35695480428672,Park Street,Local,22,15.24,Rainy,28.0,95.2,0,1,1,19.68,Moderate
2026-06-27,23:45,22.540096196513076,88.34914345965373,Park Street,Local,18,14.85,Rainy,26.2,87.2,0,1,0,20.21,High
2026-06-25,11:15,28.603987663087196,77.17571938532001,Sardar Patel Marg,Arterial,71,39.15,Clear,35.0,48.7,0,1,0,7.66,Low
2026-06-20,04:45,28.593790154880807,77.17633212531852,Sardar Patel Marg,Arterial,58,23.41,Rainy,28.5,92.0,0,0,0,12.82,Moderate
2026-06-22,09:30,28.59490742365415,77.16803405999681,Sardar Patel Marg,Arterial,174,18.61,Clear,38.0,58.2,0,1,0,16.12,Moderate
2026-06-10,10:00,22.5567554813651,88.35032902015224,Park Street,Local,66,11.75,Clear,39.3,46.5,0,1,0,25.54,High
2026-06-06,04:00,28.54970267749688,77.15831287365914,Nelson Mandela Marg,Arterial,52,37.86,Clear,38.1,48.5,0,1,0,7.92,Low
2026-06-15,09:15,28.64264651540636,77.27847946816881,Vikas Marg,Arterial,196,19.56,Clear,34.3,43.8,0,1,0,15.34,Moderate
2026-06-30,20:15,28.542909442631004,77.15881905421706,Nelson Mandela Marg,Arterial,159,20.32,Clear,28.6,34.9,0,1,0,14.76,Moderate
2026-06-02,00:00,28.64233396940166,77.27117335569255,Vikas Marg,Arterial,72,34.32,Clear,32.7,34.2,0,1,0,8.74,Moderate
2026-06-02,06:45,28.547038124868,77.16674966638058,Nelson Mandela Marg,Arterial,79,34.26,Clear,36.2,31.2,0,1,0,8.76,Moderate
2026-06-06,11:00,28.61667250798205,77.20222148356139,Grand Trunk Road,Highway,86,67.48,Clear,37.6,46.2,0,1,1,4.45,Low
2026-06-27,22:00,28.636981939729882,77.11325200816808,Outer Ring Road,Highway,106,80.4,Clear,34.3,59.6,0,0,0,3.73,Low
2026-06-14,01:00,28.63742385973297,77.11045123301516,Outer Ring Road,Highway,112,23.57,Clear,38.6,46.4,1,0,0,12.73,Moderate
2026-06-24,23:00,28.635343802422113,77.22684471222968,Connaught Place Inner Circle,Arterial,67,26.0,Rainy,23.2,84.6,0,1,0,11.54,Moderate
2026-06-20,00:30,28.605351792863384,77.19913002293657,Grand Trunk Road,Highway,84,62.44,Clear,35.4,58.4,0,0,0,4.8,Low
2026-06-08,06:30,28.579148477324075,77.223794475125,Lodi Road,Local,17,21.36,Clear,41.8,36.2,0,1,1,14.05,Moderate
2026-06-29,20:15,28.626625213242992,77.21950333475625,Connaught Place Inner Circle,Arterial,9999,14.37,Rainy,27.6,83.0,0,1,0,20.88,High
2026-06-08,22:45,28.63772980212117,77.11171420186876,Outer Ring Road,Highway,156,62.74,Clear,35.2,44.4,0,1,0,4.78,Moderate
2026-06-25,06:30,28.574194814562908,77.21624264211606,Ring Road,Highway,171,58.11,Clear,37.7,35.2,0,1,0,5.16,Moderate
2026-06-18,04:30,28.537186007784268,77.16650389663297,Nelson Mandela Marg,Arterial,83,17.48,Snowy,-0.2,84.0,0,1,0,17.16,Moderate
2026-06-27,20:30,28.592804414081908,77.18162974263788,Sardar Patel Marg,Arterial,177,21.23,Clear,33.5,44.0,0,1,0,14.13,Moderate
2026-06-16,21:30,28.58272726303915,77.22653613784598,Lodi Road,Local,26,26.76,Clear,36.7,32.1,0,1,0,11.21,Moderate
2026-06-21,19:30,28.457142169406104,77.02561352508684,MG Road,Highway,249,32.79,Clear,37.7,58.8,0,1,0,9.15,Moderate
2026-06-04,18:45,28.5939467434144,77.22810843252851,Lodi Road,Local,35,11.26,Clear,29.5,43.8,0,1,1,26.65,High
2026-06-15,04:00,28.63726412783051,77.22476206749859,Connaught Place Inner Circle,Arterial,91,-50.0,Clear,41.0,58.4,0,1,0,7.51,Low
2026-06-26,03:45,28.547248788189975,77.16845784061395,Nelson Mandela Marg,Arterial,86,25.15,Rainy,28.8,83.4,0,1,0,11.93,Moderate
2026-06-12,10:00,28.57929685642943,77.22400294360314,Lodi Road,Local,56,9.99,Clear,38.3,44.8,0,0,0,30.02,High
2026-06-10,05:15,28.630877208932933,77.26645827537322,Vikas Marg,Arterial,94,34.7,Clear,31.7,51.0,0,1,0,8.64,Moderate
2026-06-21,22:45,28.46163535583941,77.02321903837914,MG Road,Highway,104,58.93,Clear,30.4,44.7,0,1,0,5.09,Low
2026-06-28,15:15,28.560073528727095,77.20091924594021,Ring Road,Highway,100,81.73,Clear,31.3,47.0,0,0,1,3.67,Low
2026-06-22,22:00,28.56118452885312,77.21814942053676,Ring Road,Highway,106,75.91,Clear,29.8,45.2,0,0,1,3.95,Low
2026-06-28,20:15,28.533909395503557,77.16570478884891,Nelson Mandela Marg,Arterial,104,21.24,Clear,34.8,58.8,0,1,0,14.12,Moderate
2026-06-28,12:15,28.64575814175451,77.27985096161107,Vikas Marg,Arterial,68,39.43,Clear,40.3,54.3,0,1,0,7.61,Low
2026-06-10,05:30,28.645696744995654,77.11224227296677,Outer Ring Road,Highway,156,83.71,Clear,30.1,47.5,0,0,0,3.58,Moderate
2026-06-20,03:45,28.594563840695674,77.22390647651092,Lodi Road,Local,21,27.42,Clear,31.4,48.3,0,1,0,10.94,Moderate
2026-06-01,10:00,22.549084709657063,88.3593410336769,Park Street,Local,58,11.56,Clear,29.1,52.7,0,1,0,25.95,High
2026-06-28,17:15,28.634772100941742,77.27401804117977,Vikas Marg,Arterial,124,20.56,Clear,40.6,58.4,0,1,0,14.59,Moderate
2026-06-27,08:30,28.455520917313954,77.02627154582296,MG Road,Highway,247,25.46,Clear,30.3,49.2,0,1,0,11.79,Moderate
2026-06-21,04:00,22.54682019639546,88.35862251147307,Park Street,Local,20,-50.0,Clear,31.2,46.7,0,1,0,11.86,Moderate
2026-06-19,20:45,28.610908451436323,77.21888965764904,Grand Trunk Road,Highway,346,34.32,Clear,36.8,37.3,0,1,0,8.74,High
2026-06-13,20:30,28.45300155890361,77.01994467566732,MG Road,Highway,227,23.88,Rainy,29.8,98.9,0,0,0,12.57,Moderate
2026-06-30,16:45,28.617327820096502,77.2151781859218,Grand Trunk Road,Highway,109,70.38,Clear,32.6,30.8,0,0,1,4.26,Low
2026-06-01,18:15,28.63731347142965,77.26809362484758,Vikas Marg,Arterial,182,12.25,Foggy,13.7,90.6,0,1,0,24.49,High
2026-06-16,12:45,22.549913281462974,88.34667812325182,Park Street,Local,35,23.54,Clear,41.5,40.2,0,1,0,12.74,Moderate
2026-06-15,19:15,28.64756381688152,77.12258114349044,Outer Ring Road,Highway,354,37.08,Clear,29.3,59.9,0,1,0,8.09,High
2026-06-19,18:45,28.594847451686604,77.17004119455557,Sardar Patel Marg,Arterial,174,14.46,Clear,37.0,42.2,0,0,0,20.75,High
2026-06-20,04:30,28.624250432818755,77.2168320763919,Connaught Place Inner Circle,Arterial,51,40.42,Clear,39.3,44.4,0,1,0,7.42,Low
2026-06-24,23:30,28.595482425446647,77.16875271635566,Sardar Patel Marg,Arterial,91,32.91,Clear,37.5,33.1,0,1,0,9.12,Moderate
2026-06-27,12:15,28.630419659925728,77.11949296315564,Outer Ring Road,Highway,108,44.6,Foggy,11.2,86.8,0,0,0,6.73,Low
2026-06-20,10:45,28.6374045897165,77.12617484458043,Outer Ring Road,Highway,202,17.98,Snowy,0.6,86.5,0,1,0,16.69,Moderate
2026-06-02,18:15,28.605394770818524,77.1746132600862,Sardar Patel Marg,Arterial,228,13.19,Rainy,27.3,89.3,0,1,0,22.74,High
2026-06-14,16:30,28.464643216609094,77.03438812234204,MG Road,Highway,87,77.15,Clear,31.7,52.8,0,1,0,3.89,Low
2026-06-03,22:15,22.55728543046984,88.34460585144112,Park Street,Local,30,24.01,Clear,34.1,40.8,0,1,0,12.49,Moderate
2026-06-15,21:00,28.537700372977188,77.15501724796908,Nelson Mandela Marg,Arterial,69,39.39,Clear,30.8,46.2,0,1,0,7.62,Low
2026-06-20,05:00,28.643140915144063,77.1127102120499,Outer Ring Road,Highway,113,53.47,Rainy,27.7,80.7,0,1,0,5.61,Low
2026-06-13,14:45,22.55753427119263,88.3470458855399,Park Street,Local,25,29.31,Clear,33.6,44.2,0,1,0,10.24,Moderate
2026-06-11,13:15,28.596968068298544,77.17689222625847,Sardar Patel Marg,Arterial,80,32.99,Clear,30.9,56.3,0,1,0,9.09,Moderate
2026-06-29,04:30,28.63539675209636,77.12430458579553,Outer Ring Road,Highway,160,31.71,Snowy,3.3,84.5,0,1,0,9.46,Moderate
2026-06-22,06:45,28.562261688064428,77.2161915852183,Ring Road,Highway,141,81.65,Clear,30.8,53.8,0,1,0,3.67,Moderate
2026-06-20,21:30,28.45616366310992,77.03550275270206,MG Road,Highway,100,47.3,Rainy,28.6,94.2,0,1,0,6.34,Low
2026-06-26,02:15,28.59175340528522,77.17189649636926,Sardar Patel Marg,Arterial,62,47.02,Clear,38.5,36.1,0,1,1,6.38,Low
2026-06-08,01:45,28.643027195714218,77.28381589400526,Vikas Marg,Arterial,74,46.59,Clear,28.8,50.3,0,1,0,6.44,Low
2026-06-01,19:30,28.637096612770943,77.28403215713915,Vikas Marg,Arterial,142,14.66,Clear,41.6,47.2,0,1,0,20.47,High
2026-06-29,07:30,28.537668031232858,77.16058037527445,Nelson Mandela Marg,Arterial,162,14.63,Clear,40.6,54.3,0,0,0,20.51,High
2026-06-18,01:45,28.5581303699269,77.2103967073431,Ring Road,Highway,124,56.02,Clear,40.0,54.7,0,1,0,5.35,Moderate
2026-06-25,06:15,22.546108517606044,88.34593286473115,Park Street,Local,32,15.04,Rainy,26.7,95.8,0,1,0,19.95,Moderate
2026-06-08,05:30,28.595285440531832,77.23215770613291,Lodi Road,Local,24,23.27,Clear,38.2,39.1,0,1,0,12.89,Moderate
2026-06-24,12:00,28.5599498670906,77.20035240005458,Ring Road,Highway,162,77.84,Clear,32.5,43.0,0,1,0,3.85,Moderate
2026-06-07,04:15,28.464546879460176,77.03142879904088,MG Road,Highway,88,61.0,Clear,41.8,47.1,0,1,0,4.92,Low
2026-06-10,03:00,28.641355222445956,77.11859313844373,Outer Ring Road,Highway,126,64.01,Clear,32.6,56.3,0,0,0,4.69,Moderate
2026-06-28,06:00,28.532913808586812,77.16941215427003,Nelson Mandela Marg,Arterial,58,42.73,Clear,31.2,37.2,0,1,0,7.02,Low
2026-06-03,05:00,28.622991573281684,77.20993253617027,Connaught Place Inner Circle,Arterial,70,40.31,Clear,39.5,40.9,0,0,0,7.44,Low
2026-06-09,18:00,28.629778333675794,77.27726627489143,Vikas Marg,Arterial,157,17.28,Clear,28.3,40.4,0,0,0,17.36,Moderate
2026-06-28,04:00,28.564488724895416,77.20294060018429,Ring Road,Highway,101,60.14,Clear,38.4,39.6,0,0,0,4.99,Low
2026-06-02,00:15,28.58155195503543,77.23004287137046,Lodi Road,Local,26,26.71,Clear,35.8,33.6,0,0,0,11.23,Moderate
2026-06-29,11:45,28.573821068817946,77.20197781679964,Ring Road,Highway,124,78.06,Clear,33.7,39.0,0,1,0,3.84,Moderate
2026-06-08,01:00,28.64028508558124,77.1117935651332,Outer Ring Road,Highway,123,62.84,Clear,38.8,36.6,0,1,0,4.77,Moderate
2026-06-01,05:00,28.571589537863527,77.21905171962634,Ring Road,Highway,169,57.12,Clear,29.3,42.1,0,0,0,5.25,Moderate
2026-06-08,20:45,28.540613765772104,77.16173795981149,Nelson Mandela Marg,Arterial,195,20.67,Clear,41.4,34.4,0,0,0,14.52,Moderate
2026-06-05,21:45,28.58849225348593,77.23226643853297,Lodi Road,Local,26,20.56,Clear,40.0,44.0,0,1,0,14.59,Moderate
2026-06-29,05:30,28.59297230968102,77.22095472454433,Lodi Road,Local,27,14.73,Rainy,23.9,85.1,0,0,0,20.37,High
2026-06-03,16:15,28.59095694477843,77.22187040184453,Lodi Road,Local,26,26.13,Clear,41.4,53.0,0,1,0,11.48,Moderate
2026-06-09,23:00,28.64622338694485,77.11687180843467,Outer Ring Road,Highway,146,65.45,Clear,39.2,50.2,0,0,0,4.58,Moderate
2026-06-03,12:30,28.59026260320649,77.17955514154524,Sardar Patel Marg,Arterial,79,32.63,Clear,34.7,50.1,0,1,0,9.19,Moderate
2026-06-26,13:00,28.550433896630032,77.16070009771522,Nelson Mandela Marg,Arterial,79,35.51,Clear,36.9,34.1,0,1,0,8.45,Low
2026-06-12,19:00,28.617147432487926,77.21197651753002,Grand Trunk Road,Highway,323,29.13,Clear,35.9,30.3,0,1,0,10.3,High
2026-06-16,15:45,28.623033201768486,77.20347816263083,Grand Trunk Road,Highway,154,60.58,Clear,,50.6,0,1,0,4.95,Moderate
2026-06-20,02:00,28.615688864412085,77.20010758268296,Grand Trunk Road,Highway,140,24.44,Clear,36.7,44.7,1,1,0,12.27,Moderate
2026-06-06,16:15,28.548220135779793,77.16847714226408,Nelson Mandela Marg,Arterial,56,34.13,Clear,37.6,36.6,0,1,0,8.79,Moderate
2026-06-20,16:00,28.573098590348735,77.20327380567807,Ring Road,Highway,115,83.34,Clear,33.2,48.2,0,0,0,3.6,Low
2026-06-23,20:00,28.584278561631315,77.23250823276177,Lodi Road,Local,56,10.01,Clear,30.2,46.8,0,0,0,29.96,High
2026-06-26,19:45,28.639382241074557,77.21428195517947,Connaught Place Inner Circle,Arterial,232,13.91,Foggy,12.6,89.7,0,0,0,21.57,High
2026-06-07,14:00,28.462190379088124,77.03185886668345,MG Road,Highway,121,71.05,Clear,36.5,47.3,0,1,0,4.22,Moderate
2026-06-13,23:45,28.573408547381295,77.20599951763536,Ring Road,Highway,110,41.47,,23.2,90.2,0,1,0,7.23,Low
2026-06-07,02:00,28.57655324551617,77.20851306895631,Ring Road,Highway,108,71.28,Clear,36.8,53.1,0,1,0,4.21,Low
2026-06-04,19:30,28.619910192915913,77.20877172105112,Grand Trunk Road,Highway,263,35.45,Clear,30.1,42.1,0,1,1,8.46,High
2026-06-24,02:15,28.624977165516473,77.21151937795518,Connaught Place Inner Circle,Arterial,93,31.56,Foggy,11.4,91.1,0,1,0,9.5,Moderate
2026-06-23,00:15,28.635633636672964,77.11630650710761,Outer Ring Road,Highway,159,61.34,Clear,31.8,58.2,0,0,0,4.89,Moderate
2026-06-14,21:30,28.63744139675657,77.21782732507123,Connaught Place Inner Circle,Arterial,60,44.24,Clear,31.7,58.7,0,1,0,6.78,Low
2026-06-13,03:45,28.63147683285096,77.28342425464932,Vikas Marg,Arterial,60,28.02,Rainy,26.2,97.3,0,0,0,10.71,Moderate
2026-06-09,17:00,28.629586089579828,77.21040457308236,Connaught Place Inner Circle,Arterial,155,14.84,Clear,37.0,31.5,0,1,0,20.22,High
2026-06-16,12:30,28.53475180644313,77.15902967971846,Nelson Mandela Marg,Arterial,89,37.3,Clear,29.3,36.5,0,0,0,8.04,Low
2026-06-15,15:00,28.559248262462535,77.21285388833095,Ring Road,Highway,154,63.75,Clear,33.5,47.6,0,1,0,4.71,Moderate
2026-06-23,09:15,28.546259393354433,77.15617654613152,Nelson Mandela Marg,Arterial,202,15.93,Clear,36.7,43.2,0,0,0,18.84,Moderate
2026-06-27,05:30,28.456776545871264,77.01860859113262,MG Road,Highway,113,56.8,Clear,32.3,52.4,0,1,0,5.28,Low
2026-06-04,11:15,28.63767481139026,77.12499492717257,Outer Ring Road,Highway,140,77.75,Clear,30.0,50.7,0,1,0,3.86,Moderate
2026-06-13,12:30,28.544074439385582,77.1710834562102,Nelson Mandela Marg,Arterial,39,41.16,Clear,39.8,45.7,0,1,0,7.29,Low
2026-06-25,01:45,28.635937247056724,77.22491439411466,Connaught Place Inner Circle,Arterial,94,31.34,Rainy,23.7,90.1,0,1,0,9.57,Moderate
2026-06-23,14:15,28.539130392813927,77.17237078370721,Nelson Mandela Marg,Arterial,78,43.3,Clear,38.1,34.3,0,1,0,6.93,Low
2026-06-07,00:30,28.633824852585125,77.28285557353263,Vikas Marg,Arterial,61,32.72,Clear,31.6,52.3,0,1,0,9.17,Moderate
2026-06-22,02:00,22.544103744795425,88.36013037632213,Park Street,Local,35,23.53,Clear,33.1,58.7,0,0,0,12.75,Moderate
2026-06-30,07:30,28.550035104900537,77.17282122745573,Nelson Mandela Marg,Arterial,168,20.97,Clear,39.7,35.9,0,0,0,14.31,Moderate
2026-06-04,21:45,28.56609875396016,77.21451473020018,Ring Road,Highway,175,50.21,Rainy,25.8,95.1,0,1,0,5.97,Moderate
2026-06-03,16:15,28.62938195450965,77.22133396989831,Connaught Place Inner Circle,Arterial,88,36.4,Clear,32.1,34.0,0,0,0,8.24,Low
2026-06-13,15:00,28.638538208636593,77.21951070879363,Connaught Place Inner Circle,Arterial,54,41.52,Clear,40.4,53.6,0,1,0,7.23,Low
2026-06-29,12:30,28.550652037234862,77.17263535005334,Nelson Mandela Marg,Arterial,79,30.73,Rainy,28.4,96.4,0,0,0,9.76,Moderate
2026-06-08,00:45,28.597914517708247,77.1833667667127,Sardar Patel Marg,Arterial,70,43.07,Clear,36.3,53.3,0,1,1,6.97,Low
2026-06-10,07:30,28.561016986661272,77.20510512038737,Ring Road,Highway,425,35.48,Clear,33.9,37.6,0,0,0,8.46,High
2026-06-04,10:15,28.56697071239944,77.21148561928455,Ring Road,Highway,332,36.52,Clear,29.8,36.7,0,1,0,8.21,High
2026-06-26,16:30,22.551160749611235,88.35641126380722,Park Street,Local,32,22.59,Clear,32.4,51.2,0,1,0,13.28,Moderate
2026-06-11,23:15,22.541832175339707,88.34720017323815,Park Street,Local,33,26.86,Clear,37.1,56.1,0,1,0,11.17,Moderate
2026-06-10,14:45,28.644625033148735,77.12350298838898,Outer Ring Road,Highway,138,50.56,Rainy,23.3,99.5,0,0,0,5.93,Moderate
2026-06-24,17:30,28.560193550111407,77.21491595406837,Ring Road,Highway,273,29.11,Clear,30.5,46.6,0,1,0,10.31,High
2026-06-18,05:15,28.579899807502503,77.23431464872752,Lodi Road,Local,26,22.54,Clear,40.7,40.6,0,0,0,13.31,Moderate
2026-06-10,14:15,28.468309754739384,77.01846191997086,MG Road,Highway,158,69.36,Clear,32.2,50.0,0,0,0,4.33,Moderate
2026-06-29,00:00,28.630220769396765,77.2261373287103,Connaught Place Inner Circle,Arterial,71,17.27,Snowy,-2.9,90.4,0,1,0,17.37,Moderate
2026-06-27,12:30,28.46338529860125,77.02642908287136,MG Road,Highway,90,53.69,Foggy,14.6,86.0,0,1,0,5.59,Low
2026-06-29,04:30,22.54156810005734,88.3586381342019,Park Street,Local,33,20.34,Clear,37.9,36.6,0,1,0,14.75,Moderate
2026-06-04,21:00,28.57545258622753,77.20229276285993,Ring Road,Highway,163,83.18,Clear,41.8,31.7,0,1,0,3.61,Moderate
2026-06-28,21:15,28.63376418752909,77.1216998795705,Outer Ring Road,Highway,121,61.36,Clear,39.4,41.7,0,1,0,4.89,Moderate
2026-06-14,10:45,28.45405487879668,77.02473481107683,MG Road,Highway,238,34.18,Clear,35.0,37.4,0,1,0,8.78,Moderate
2026-06-12,22:15,28.44951223270311,77.03390751224204,MG Road,Highway,128,66.91,Clear,37.1,55.8,0,0,0,4.48,Moderate
2026-06-16,04:30,28.55765330642138,77.21845354639396,Ring Road,Highway,143,40.86,Rainy,27.2,96.9,0,1,0,7.34,Moderate
2026-06-04,12:00,28.623536609113934,77.22499082505794,Connaught Place Inner Circle,Arterial,76,36.61,Clear,38.6,51.6,0,0,0,8.19,Low
2026-06-16,17:30,28.56935744021983,77.20959087854914,Ring Road,Highway,328,18.78,Rainy,26.7,98.7,0,1,0,15.97,High
2026-06-16,03:15,28.641960577608874,77.28469881812855,Vikas Marg,Arterial,75,44.38,Clear,28.7,52.3,0,1,0,6.76,Low
2026-06-23,15:00,28.62400467303637,77.2179079124504,Connaught Place Inner Circle,Arterial,52,23.84,Snowy,4.7,93.8,0,1,1,12.58,Moderate
2026-06-03,09:30,28.640039756648786,77.28049906316234,Vikas Marg,Arterial,138,15.76,Clear,39.8,56.9,0,0,0,19.04,Moderate
2026-06-16,01:45,28.462661977696147,77.02388335725766,MG Road,Highway,176,79.88,Clear,34.0,49.3,0,0,0,3.76,Moderate
2026-06-14,17:15,28.623702801961663,77.22752285547486,Connaught Place Inner Circle,Arterial,115,16.0,Clear,29.5,56.9,0,0,0,18.75,Moderate
2026-06-08,11:30,28.53731613852158,77.16039175975044,Nelson Mandela Marg,Arterial,83,36.59,Clear,40.9,34.8,0,1,0,8.2,Low
2026-06-07,03:45,28.565715637521283,77.20462349742375,Ring Road,Highway,99,71.58,Clear,35.6,41.4,0,0,0,4.19,Low
2026-06-14,17:00,28.451040449731472,77.03237498958002,MG Road,Highway,231,20.98,Rainy,26.8,98.6,0,1,1,14.3,Moderate
2026-06-12,04:45,28.55043083929196,77.16463537814288,Nelson Mandela Marg,Arterial,84,47.71,Clear,35.7,58.3,0,0,0,6.29,Low
2026-06-11,03:30,28.63448939377345,77.28360312725147,Vikas Marg,Arterial,85,41.82,Clear,37.8,45.8,0,0,0,7.17,Low
2026-06-11,16:00,28.570691884714712,77.20141875303617,Ring Road,Highway,143,53.65,Rainy,28.3,80.4,0,1,0,5.59,Moderate
2026-06-22,15:00,28.60298154366559,77.17221784610396,Sardar Patel Marg,Arterial,90,47.98,Clear,38.0,46.3,0,1,0,6.25,Low
2026-06-21,14:00,28.546659989508672,77.16899241720623,Nelson Mandela Marg,Arterial,51,34.84,Clear,38.0,59.6,0,1,0,8.61,Moderate
2026-06-03,14:45,28.639571553632898,77.2169368458465,Connaught Place Inner Circle,Arterial,88,27.13,Rainy,22.3,88.6,0,1,0,11.06,Moderate
2026-06-29,05:15,28.621108379465618,77.22261833875996,Connaught Place Inner Circle,Arterial,84,47.87,Clear,40.2,40.7,0,0,0,6.27,Low
2026-06-04,04:15,28.60599254109889,77.18221975313065,Sardar Patel Marg,Arterial,75,41.02,Clear,30.4,52.0,0,1,0,7.31,Low
2026-06-12,04:15,22.54843781772115,88.35281189979656,Park Street,Local,24,18.63,Rainy,23.8,93.0,0,1,0,16.1,Moderate
2026-06-09,23:30,28.550665527815575,77.16655322494304,Nelson Mandela Marg,Arterial,92,42.4,Clear,38.0,43.0,0,0,0,7.08,Low
2026-06-15,23:45,28.585861510854006,77.23443973801783,Lodi Road,Local,25,29.73,Clear,33.2,36.3,0,0,0,10.09,Moderate
2026-06-14,15:45,28.450376940374216,77.02128743172808,MG Road,Highway,113,72.01,Clear,33.8,39.8,0,0,0,4.17,Low
2026-06-15,22:30,28.619300786313644,77.21170102140405,Grand Trunk Road,Highway,130,58.33,Clear,41.7,40.9,0,1,0,5.14,Moderate
2026-06-01,13:00,28.615511340471816,77.20558551458446,Grand Trunk Road,Highway,141,82.18,Clear,31.9,48.7,0,1,0,3.65,Moderate
2026-06-21,16:30,28.58970910965416,77.23099867675282,Lodi Road,Local,19,17.96,Rainy,26.6,80.5,0,1,1,16.7,Moderate
2026-06-07,16:00,28.63643085326348,77.26751083334452,Vikas Marg,Arterial,56,43.01,Clear,29.1,38.6,0,1,0,6.97,Low
2026-06-26,00:45,22.55515062210409,88.34989820321779,Park Street,Local,33,15.4,Rainy,27.2,96.0,0,1,0,19.48,Moderate
2026-06-29,03:30,28.561495587986297,77.21180806518055,Ring Road,Highway,164,58.47,Clear,39.5,55.3,0,1,0,5.13,Moderate
2026-06-09,17:45,22.544662362064738,88.35393550119555,Park Street,Local,64,10.49,Clear,41.4,31.9,0,1,0,28.6,High
2026-06-18,08:00,28.634553087662365,77.21839573750866,Connaught Place Inner Circle,Arterial,152,21.24,Clear,39.2,46.8,0,0,0,14.12,Moderate
2026-06-19,03:45,28.599153199929024,77.17531508775352,Sardar Patel Marg,Arterial,82,29.67,Rainy,28.5,96.4,0,0,0,10.11,Moderate
2026-06-21,03:00,22.543421552452443,88.35528834347286,Park Street,Local,19,25.1,Clear,30.1,38.8,0,0,0,11.95,Moderate
2026-06-05,08:45,28.6371506670977,77.27148451701275,Vikas Marg,Arterial,130,16.39,Clear,35.4,33.9,0,1,1,18.3,Moderate
2026-06-13,00:30,28.64209597455549,77.28456659557153,Vikas Marg,Arterial,53,46.83,Clear,31.6,40.9,0,1,0,6.41,Low
2026-06-14,03:45,28.63325872877938,77.11441291889358,Outer Ring Road,Highway,113,46.07,Rainy,29.1,89.9,0,0,0,6.51,Low
2026-06-28,18:30,22.54037806545169,88.34278828629644,Park Street,Local,53,10.57,Clear,37.5,48.5,0,0,0,28.39,High
2026-06-11,03:30,28.53356188732482,77.17380980996661,Nelson Mandela Marg,Arterial,73,33.98,Clear,30.1,31.3,0,1,0,8.83,Moderate
2026-06-02,04:45,28.57716041029641,77.20277475822454,Ring Road,Highway,145,71.95,Clear,37.2,54.1,0,1,0,4.17,Moderate
2026-06-14,02:30,28.56204611367333,77.21781515934018,Ring Road,Highway,80,83.14,Clear,36.8,41.6,0,1,0,3.61,Low
2026-06-01,19:15,28.580188064645053,77.22070304424604,Lodi Road,Local,48,12.08,Clear,37.6,55.4,0,1,0,24.83,High
2026-06-20,07:45,28.642541349685423,77.26983239797622,Vikas Marg,Arterial,113,18.09,Clear,41.0,46.6,0,0,0,16.58,Moderate
2026-06-19,09:45,28.592824603778162,77.220137875412,Lodi Road,Local,50,10.93,Clear,28.0,33.4,0,0,0,27.44,High
2026-06-04,07:45,28.591653772236516,77.18175917143819,Sardar Patel Marg,Arterial,189,20.38,Clear,37.2,59.4,0,1,0,14.72,Moderate
2026-06-02,22:15,28.583024826617834,77.21724199893599,Lodi Road,Local,21,15.64,Rainy,23.6,94.4,0,0,1,19.18,Moderate
2026-06-24,23:00,28.564161780645033,77.20451724363244,Ring Road,Highway,131,65.33,Clear,40.4,40.0,0,1,0,4.59,Moderate
2026-06-14,04:45,28.546640886737652,77.15741499519598,Nelson Mandela Marg,Arterial,44,47.03,Clear,39.7,47.2,0,1,0,6.38,Low
2026-06-01,12:30,28.64400611184629,77.12996503580374,Outer Ring Road,Highway,124,76.88,Clear,36.4,31.6,0,1,0,3.9,Moderate
2026-06-05,09:45,28.613523593182244,77.21737084670198,Grand Trunk Road,Highway,310,23.59,Rainy,26.2,85.7,0,0,0,12.72,High
2026-06-09,06:30,28.544650199855734,77.1626120293373,Nelson Mandela Marg,Arterial,72,11.12,Clear,33.0,40.8,1,1,0,26.98,High
2026-06-19,16:30,28.640615183543716,77.11966938128647,Outer Ring Road,Highway,137,43.96,Rainy,26.7,82.9,0,1,0,6.83,Moderate
2026-06-19,09:00,28.463193432548316,77.02557481501695,MG Road,Highway,350,19.76,Rainy,24.9,87.5,0,1,0,15.18,High
2026-06-06,17:45,28.449580033518693,77.02284794749437,MG Road,Highway,195,28.48,Clear,30.8,42.8,0,1,0,10.53,Moderate
2026-06-06,17:15,22.552466391510254,88.35198235062003,Park Street,Local,27,9.92,Clear,39.7,41.4,0,1,0,30.25,High
2026-06-14,23:30,28.63510404248031,77.12201115312122,Outer Ring Road,Highway,99,73.09,Clear,35.6,41.8,0,1,0,4.1,Low
2026-06-28,12:45,28.566349160832672,77.21979083514239,Ring Road,Highway,96,44.47,Rainy,29.3,84.2,0,1,0,6.75,Low
2026-06-14,23:45,28.6479887346635,77.26925009893971,Vikas Marg,Arterial,52,41.51,Clear,30.4,37.1,0,1,0,7.23,Low
2026-06-15,20:30,28.585352581602805,77.22277081045488,Lodi Road,Local,78,9.24,Clear,40.6,51.3,0,0,0,32.48,High
2026-06-12,19:45,28.551269864115994,77.16265210494605,Nelson Mandela Marg,Arterial,166,14.43,Clear,34.0,40.3,0,1,0,20.79,High
2026-06-07,06:45,22.540806389983864,88.35753925677778,Park Street,Local,20,29.05,Clear,39.6,35.0,0,1,0,10.33,Moderate
2026-06-15,13:30,28.622259605528896,77.22012245205823,Connaught Place Inner Circle,Arterial,92,40.17,Clear,34.0,32.2,0,0,0,7.47,Low
2026-06-23,02:00,28.5882959602744,77.2264268153022,Lodi Road,Local,35,25.97,Clear,40.1,40.3,0,1,0,11.55,Moderate
2026-06-09,21:30,28.588924754514007,77.22158480397268,Lodi Road,Local,34,23.17,Clear,30.7,59.9,0,1,0,12.95,Moderate
2026-06-06,23:00,28.63756493396913,77.21271223971826,Connaught Place Inner Circle,Arterial,59,46.91,Clear,41.1,45.3,0,1,0,6.39,Low
2026-06-20,10:00,22.55533274295542,88.3477222352387,Park Street,Local,47,10.01,Clear,32.1,42.0,0,1,0,29.96,High
2026-06-29,05:00,28.565921136610356,77.2189779360607,Ring Road,Highway,136,79.59,Clear,28.9,45.9,0,0,0,3.77,Moderate
2026-06-11,09:45,28.641755355703257,77.11235217269267,Outer Ring Road,Highway,313,23.86,Foggy,17.7,95.9,0,1,0,12.57,High
2026-06-15,15:45,28.590228619181218,77.21808814481805,Lodi Road,Local,35,21.73,Clear,34.9,31.9,0,1,0,13.81,Moderate
2026-06-18,17:30,28.562145021797676,77.21651160403825,Ring Road,Highway,400,26.77,Clear,37.3,31.3,0,0,0,11.21,High
2026-06-01,02:30,28.5370326524312,77.16642594944494,Nelson Mandela Marg,Arterial,74,44.56,Clear,29.2,43.0,0,1,0,6.73,Low
2026-06-09,18:45,28.640036334047085,77.20954517349448,Connaught Place Inner Circle,Arterial,133,14.8,Clear,35.1,43.2,0,1,0,20.26,High
2026-06-20,03:00,28.558462984038137,77.21186687314376,Ring Road,Highway,99,56.85,Rainy,29.3,83.5,0,1,0,5.28,Low
2026-06-10,15:15,28.60524209077728,77.17417157744214,Sardar Patel Marg,Arterial,67,24.99,Foggy,13.4,88.2,0,1,0,12.0,Moderate
2026-06-19,10:00,28.540870031323344,77.16473859905608,Nelson Mandela Marg,Arterial,196,5.81,Clear,39.2,47.9,1,0,0,51.61,High
2026-06-19,02:15,28.467559534472347,77.01987411636277,MG Road,Highway,138,60.72,Clear,40.9,40.9,0,1,0,4.94,Moderate
2026-06-13,11:45,28.62127151264075,77.19940322764236,Grand Trunk Road,Highway,93,54.68,Rainy,25.7,97.0,0,1,0,5.49,Low
2026-06-13,19:00,28.63685136049223,77.12367694416264,Outer Ring Road,Highway,177,27.52,Clear,40.6,56.3,0,1,0,10.9,Moderate
2026-06-27,22:00,22.552065612737156,88.35194178689049,Park Street,Local,21,27.94,Clear,38.6,36.8,0,0,0,10.74,Moderate
2026-06-02,00:30,22.553636258185332,88.36174365936374,Park Street,Local,28,20.27,Clear,41.4,55.9,0,1,0,14.8,Moderate
2026-06-07,21:45,28.593376693551754,77.16914942807938,Sardar Patel Marg,Arterial,52,32.97,,29.8,52.7,0,1,0,9.1,Moderate
2026-06-14,00:30,28.61894093855612,77.21318755860621,Grand Trunk Road,Highway,95,67.91,Clear,30.7,45.5,0,1,0,4.42,Low
2026-06-03,08:00,28.64184024313775,77.28370927115519,Vikas Marg,Arterial,206,16.51,Clear,34.1,47.2,0,1,0,18.17,Moderate
2026-06-30,10:15,28.53991455798559,77.16619196907898,Nelson Mandela Marg,Arterial,128,16.46,Clear,32.1,50.8,0,1,0,18.23,Moderate
2026-06-06,14:30,28.623206968933527,77.21486485964003,Grand Trunk Road,Highway,113,,Clear,28.9,45.1,0,1,0,4.45,Low
2026-06-26,00:30,28.450347053017754,77.02956162149631,MG Road,Highway,138,59.67,Clear,40.7,31.6,0,1,0,5.03,Moderate
2026-06-18,06:30,28.594371028169302,77.22754131639371,Lodi Road,Local,25,27.77,Clear,38.2,59.4,0,0,0,10.8,Moderate
2026-06-15,19:45,28.637146973833293,77.12391657030724,Outer Ring Road,Highway,253,25.83,Clear,30.6,50.9,0,1,0,11.62,High
2026-06-25,21:45,28.59567032648777,77.1767564970051,Sardar Patel Marg,Arterial,72,23.33,Foggy,16.0,98.2,0,1,1,12.86,Moderate
2026-06-01,18:15,28.575696432038622,77.20457050295413,Ring Road,Highway,290,10.19,Clear,,59.2,1,1,0,29.44,High
2026-06-19,12:30,28.607233688714143,77.18470121752408,Sardar Patel Marg,Arterial,78,44.14,Clear,35.8,41.9,0,1,0,6.8,Low
2026-06-11,06:30,28.623453601764083,77.20014452814823,Grand Trunk Road,Highway,175,83.23,Clear,32.4,35.5,0,1,0,3.6,Moderate
2026-06-10,23:00,28.574383337246523,77.20618385198618,Ring Road,Highway,158,78.57,Clear,28.7,48.2,0,1,0,3.82,Moderate
2026-06-27,13:30,28.63210931260019,77.12594198614136,Outer Ring Road,Highway,116,70.88,Clear,40.6,49.1,0,1,0,4.23,Low
2026-06-07,09:45,28.53254696809493,77.15911424859564,Nelson Mandela Marg,Arterial,89,20.86,Clear,30.5,47.5,0,0,0,14.38,Moderate
2026-06-22,21:30,28.637178990145483,77.27036149878884,Vikas Marg,Arterial,91,44.38,Clear,31.3,55.1,0,1,0,6.76,Low
2026-06-15,11:00,28.64624612380624,77.28253126070611,Vikas Marg,Arterial,69,33.94,Clear,37.4,42.2,0,1,0,8.84,Moderate
2026-06-28,21:30,28.539339221590353,77.17097394433988,Nelson Mandela Marg,Arterial,62,30.25,Rainy,27.1,85.1,0,1,0,9.92,Moderate
2026-06-14,23:15,28.459945208090577,77.03514524651588,MG Road,Highway,107,68.26,Clear,35.5,32.6,0,0,0,4.39,Low
2026-06-19,20:45,28.63417332508204,77.27108690235454,Vikas Marg,Arterial,208,15.44,Clear,31.9,42.1,0,1,0,19.44,Moderate
2026-06-28,20:30,28.54001020716153,77.17099191477256,Nelson Mandela Marg,Arterial,123,18.15,Clear,31.1,50.0,0,0,0,16.53,Moderate
2026-06-03,20:30,28.59410475432279,77.23244949436331,Lodi Road,Local,54,10.62,Clear,35.5,55.0,0,1,0,28.26,High
2026-06-01,10:15,28.46513362415919,77.0305854959067,MG Road,Highway,270,32.7,Clear,33.4,57.0,0,1,0,9.17,High
2026-06-19,01:00,28.5403800443498,77.17203226285743,Nelson Mandela Marg,Arterial,76,46.65,Clear,32.8,54.4,0,0,0,6.43,Low
2026-06-08,22:15,28.637527981821606,77.26705955815973,Vikas Marg,Arterial,73,41.63,Clear,41.3,45.9,0,0,0,7.21,Low
2026-06-23,03:15,28.635280317642792,77.12748340643353,Outer Ring Road,Highway,166,82.25,Clear,34.3,58.2,0,1,0,3.65,Moderate
2026-06-03,22:15,28.59923589988551,77.16705043523406,Sardar Patel Marg,Arterial,78,32.99,Clear,28.1,40.2,0,1,0,9.09,Moderate
2026-06-12,03:45,28.57363342528736,77.21131867497384,Ring Road,Highway,154,-50.0,Clear,31.2,57.6,0,0,0,4.57,Moderate
2026-06-24,13:45,28.457469753782785,77.01792651222677,MG Road,Highway,157,82.44,Clear,33.8,55.2,0,1,0,3.64,Moderate
2026-06-20,12:15,28.645672148975997,77.11394904649653,Outer Ring Road,Highway,116,61.83,Clear,33.8,36.7,0,1,0,4.85,Low
2026-06-21,17:45,28.648963256100405,77.12782206288335,Outer Ring Road,Highway,235,25.27,Foggy,11.9,96.5,0,1,0,11.87,Moderate
2026-06-06,02:00,28.539767733200353,77.16367122752267,Nelson Mandela Marg,Arterial,58,44.39,Clear,33.3,39.2,0,0,0,6.76,Low
2026-06-30,13:45,28.561556491746572,77.21353316608989,Ring Road,Highway,159,51.41,Rainy,28.9,99.4,0,1,0,5.84,Moderate
2026-06-10,15:15,28.586950944582185,77.22092828202041,Lodi Road,Local,35,28.91,Clear,33.0,31.9,0,0,0,10.38,Moderate
2026-06-06,00:45,28.534312744030412,77.16198461076078,Nelson Mandela Marg,Arterial,56,31.22,Rainy,27.3,91.6,0,1,0,9.61,Moderate
2026-06-12,13:45,28.633369865566195,77.26781063101573,Vikas Marg,Arterial,66,23.87,Rainy,28.8,96.6,0,1,0,12.57,Moderate
2026-06-10,08:45,28.61595792678893,77.20479392041197,Grand Trunk Road,Highway,329,25.57,Clear,41.6,32.4,0,0,0,11.73,High
2026-06-10,15:15,28.59094426399337,77.23438860358401,Lodi Road,Local,29,21.32,Clear,40.8,59.1,0,1,0,14.07,Moderate
2026-06-24,22:00,22.555178967486228,88.34479807889254,Park Street,Local,28,21.06,Clear,,38.9,0,0,0,14.24,Moderate
2026-06-30,04:30,28.613073072328184,77.21156770104436,Grand Trunk Road,Highway,154,56.1,Clear,33.1,30.0,0,0,0,5.35,Moderate
2026-06-07,17:45,28.643677194500178,77.1181170421067,Outer Ring Road,Highway,180,32.02,Clear,38.8,42.1,0,0,0,9.37,Moderate
2026-06-29,11:00,28.59489806506193,77.18511018162593,Sardar Patel Marg,Arterial,83,42.95,Clear,35.9,31.7,0,1,0,6.99,Low
2026-06-09,19:45,28.59345843305882,77.22795581418933,Lodi Road,Local,73,12.87,Clear,32.7,36.7,0,1,0,23.31,High
2026-06-19,19:15,28.54644141715399,77.15815102910709,Nelson Mandela Marg,Arterial,203,5.0,Clear,30.5,42.1,1,1,0,59.98,High
2026-06-03,23:45,28.602786817293524,77.17485880255636,Sardar Patel Marg,Arterial,75,46.54,Clear,30.2,53.9,0,1,0,6.45,Low
2026-06-26,22:30,28.615374630876445,77.20542899036084,Grand Trunk Road,Highway,143,57.8,Rainy,26.8,93.9,0,1,0,5.19,Moderate
2026-06-19,10:00,28.592053228726275,77.2165133277304,Lodi Road,Local,70,10.58,Clear,33.5,59.1,0,1,0,28.36,High
2026-06-06,06:30,28.451881886603733,77.02046330422243,MG Road,Highway,126,56.54,Clear,35.3,42.5,0,1,0,5.31,Moderate
2026-06-25,08:45,28.562174313639577,77.20336213722412,Ring Road,Highway,385,26.13,Clear,30.6,45.9,0,1,0,11.48,High
2026-06-04,00:15,28.60732383359181,77.21161430842399,Grand Trunk Road,Highway,154,82.78,Clear,31.4,37.3,0,1,0,3.62,Moderate
2026-06-13,21:00,28.542060826692296,77.16448009243123,Nelson Mandela Marg,Arterial,67,41.06,Clear,38.3,52.2,0,0,0,7.31,Low
2026-06-01,10:15,28.590334301602077,77.2321322988198,Lodi Road,Local,65,11.6,Clear,29.9,43.1,0,1,0,25.86,High
2026-06-08,07:15,28.460335360067532,77.03566803892504,MG Road,Highway,335,25.68,Clear,39.3,44.0,0,0,0,11.68,High
2026-06-11,09:45,28.464544054319006,77.02123967674135,MG Road,Highway,295,28.87,Clear,31.8,58.1,0,1,0,10.39,High
2026-06-22,12:45,28.56146245600211,77.21734871204642,Ring Road,Highway,161,55.2,Rainy,29.2,91.1,0,1,0,5.43,Moderate
2026-06-01,04:45,28.615098808780733,77.20484361998837,Grand Trunk Road,Highway,136,65.86,Clear,33.0,31.3,0,1,0,4.56,Moderate
2026-06-22,04:45,28.60404158875059,77.17420547439467,Sardar Patel Marg,Arterial,74,,Clear,34.7,49.5,0,1,0,6.28,Low
2026-06-07,14:00,28.551459300036385,77.16162696369418,Nelson Mandela Marg,Arterial,52,40.09,Clear,40.7,42.2,0,0,0,7.48,Low
2026-06-05,06:45,28.624775613645255,77.22512575271469,Connaught Place Inner Circle,Arterial,79,42.77,Clear,30.5,50.4,0,1,0,7.01,Low
2026-06-27,14:15,28.54210412138914,77.1721083294831,Nelson Mandela Marg,Arterial,59,32.03,Clear,34.9,44.5,0,0,0,9.37,Moderate
2026-06-04,09:45,28.63452356335801,77.28313987967516,Vikas Marg,Arterial,168,16.58,Clear,30.9,57.8,0,1,0,18.1,Moderate
2026-06-24,18:45,28.572982969188967,77.20574216359688,Ring Road,Highway,280,34.78,Clear,41.9,51.0,0,1,0,8.63,High
2026-06-21,19:15,28.59086367204161,77.21855811591111,Lodi Road,Local,50,8.45,Rainy,29.3,82.7,0,1,0,35.49,High
2026-06-24,06:00,28.57557346345156,77.20761535144315,Ring Road,Highway,177,41.22,Rainy,24.7,95.2,0,1,0,7.28,Moderate
2026-06-17,14:00,28.608718196724617,77.21476726026997,Grand Trunk Road,Highway,139,82.32,Clear,36.3,30.4,0,1,0,3.64,Moderate
2026-06-30,00:45,28.582386731438103,77.22310301505948,Lodi Road,Local,28,14.49,Foggy,10.1,98.4,0,0,0,20.7,High
2026-06-15,11:45,28.62920818476759,77.2725169973618,Vikas Marg,Arterial,68,45.77,Clear,35.1,54.9,0,1,0,6.55,Low
2026-06-24,06:45,28.606707782802676,77.17936268902614,Sardar Patel Marg,Arterial,64,43.03,Clear,41.9,52.1,0,1,0,6.97,Low
2026-06-14,11:00,28.633167206654687,77.28464401322954,Vikas Marg,Arterial,39,28.94,Rainy,29.1,88.1,0,1,0,10.37,Moderate
2026-06-16,13:45,28.567337681322886,77.21651630252883,Ring Road,Highway,168,74.64,Clear,29.1,49.2,0,1,0,4.02,Moderate
2026-06-30,05:45,22.546586621342865,88.35415726418987,Park Street,Local,33,29.71,Clear,41.7,59.6,0,1,0,10.1,Moderate
2026-06-22,11:30,28.606792517886273,77.20694136454412,Grand Trunk Road,Highway,175,69.52,Clear,41.2,45.2,0,1,0,4.32,Moderate
2026-06-19,08:30,22.5418739896751,88.34419665227638,Park Street,Local,65,9.2,Rainy,24.4,87.4,0,0,0,32.61,High
2026-06-29,13:15,22.541621578430387,88.35768649007807,Park Street,Local,31,25.21,Clear,36.7,37.2,0,1,0,11.9,Moderate
2026-06-11,04:30,28.534619299862605,77.17077148554702,Nelson Mandela Marg,Arterial,66,33.01,Rainy,25.8,95.8,0,1,0,9.09,Moderate
2026-06-28,17:45,28.636743392056687,77.12210470440337,Outer Ring Road,Highway,235,37.46,Clear,30.2,44.4,0,1,0,8.01,Moderate
2026-06-12,05:00,28.45998415437895,77.02105516227094,MG Road,Highway,178,65.59,Clear,31.7,50.4,0,1,0,4.57,Moderate
2026-06-22,16:30,28.5673657287945,77.20407406583313,Ring Road,Highway,141,56.02,Rainy,22.0,99.5,0,0,0,5.36,Moderate
2026-06-27,08:30,22.55793351074159,88.3427675515079,Park Street,Local,53,9.38,Clear,36.7,56.1,0,0,0,31.98,High
2026-06-29,21:45,28.636295805229558,77.27777026158934,Vikas Marg,Arterial,55,44.41,Clear,37.9,48.8,0,1,1,6.76,Low
2026-06-09,12:00,28.53650821184175,77.16739952646124,Nelson Mandela Marg,Arterial,72,22.65,Rainy,29.5,92.1,0,0,0,13.25,Moderate
2026-06-24,04:15,28.532992829816227,77.16589458774246,Nelson Mandela Marg,Arterial,65,30.09,,22.1,95.7,0,1,0,9.97,Moderate
2026-06-28,04:30,28.639157150474762,77.12252732307704,Outer Ring Road,Highway,98,72.28,Clear,31.4,52.1,0,1,0,4.15,Low
2026-06-28,21:45,28.54005813263708,77.17034687997963,Nelson Mandela Marg,Arterial,48,25.47,Rainy,27.7,86.2,0,1,0,11.78,Moderate
2026-06-03,02:15,28.550897882469556,77.1596245573402,Nelson Mandela Marg,Arterial,69,33.28,Clear,41.6,48.5,0,1,0,9.02,Moderate
2026-06-19,08:45,28.631896600537114,77.21977011006899,Connaught Place Inner Circle,Arterial,210,12.78,Foggy,12.7,95.5,0,0,0,23.48,High
2026-06-09,21:00,28.55753412183823,77.20356944188427,Ring Road,Highway,157,62.04,Clear,38.4,34.1,0,1,0,4.84,Moderate
2026-06-08,01:15,28.574483767251095,77.21551249816187,Ring Road,Highway,122,64.6,Clear,41.8,51.8,0,1,0,4.64,Moderate
2026-06-25,18:45,28.59196777936219,77.22487594974993,Lodi Road,Local,70,11.13,Clear,35.1,30.4,0,1,0,26.96,High
2026-06-14,14:00,28.46160434568058,77.03503598458028,MG Road,Highway,123,58.53,Clear,29.2,30.6,0,0,0,5.13,Moderate
2026-06-27,07:30,22.547081111824777,88.35749052671977,Park Street,Local,36,11.57,Clear,33.2,58.0,0,1,0,25.94,High
2026-06-21,08:45,28.635058381535277,77.12620825226283,Outer Ring Road,Highway,194,34.34,Clear,29.8,33.3,0,1,1,8.74,Moderate
2026-06-02,13:45,28.56652068239,77.2106791281716,Ring Road,Highway,141,57.64,Rainy,25.1,80.2,0,1,0,5.2,Moderate
2026-06-04,03:15,28.56648526061552,77.20358652713348,Ring Road,Highway,179,78.16,Clear,35.2,34.7,0,1,0,3.84,Moderate
2026-06-25,06:30,28.569777659171354,77.21284372112069,Ring Road,Highway,149,72.53,Clear,,46.1,0,1,0,4.14,Moderate
2026-06-22,10:30,28.532618482152532,77.16385192037653,Nelson Mandela Marg,Arterial,209,20.76,Clear,28.1,48.3,0,1,0,14.45,Moderate
2026-06-13,08:45,28.610143774735448,77.20574375389671,Grand Trunk Road,Highway,210,34.69,Clear,32.5,52.5,0,0,0,8.65,Moderate
2026-06-04,00:45,28.631194475401045,77.28475725543271,Vikas Marg,Arterial,86,24.7,Rainy,25.9,96.1,0,1,0,12.15,Moderate
2026-06-14,13:00,28.456398095899882,77.01930140712612,MG Road,Highway,82,73.5,Clear,37.2,54.5,0,1,0,4.08,Low
2026-06-06,04:00,28.633353563536442,77.27904631048885,Vikas Marg,Arterial,57,39.25,Clear,32.0,39.2,0,1,0,7.64,Low
2026-06-23,15:45,28.61669687012556,77.2155898527297,Grand Trunk Road,Highway,164,42.13,Rainy,24.6,85.0,0,1,0,7.12,Moderate
2026-06-26,02:45,28.539731230068472,77.15555391277772,Nelson Mandela Marg,Arterial,74,42.79,Clear,32.1,43.7,0,1,0,7.01,Low
2026-06-11,13:00,28.588374820230797,77.23130252319825,Lodi Road,Local,27,14.77,Rainy,25.7,92.9,0,1,0,20.32,High
2026-06-21,12:15,28.451172861811663,77.02790584819036,MG Road,Highway,110,56.63,Clear,29.2,42.9,0,1,0,5.3,Low
2026-06-28,06:15,28.589287347183667,77.1839592518258,Sardar Patel Marg,Arterial,64,34.06,Clear,41.3,50.7,0,1,1,8.81,Moderate
2026-06-01,13:15,28.54961759797976,77.16080476464214,Nelson Mandela Marg,Arterial,70,35.57,Clear,33.3,34.2,0,0,0,8.43,Low
2026-06-29,05:45,28.60534224861375,77.2032538412154,Grand Trunk Road,Highway,175,66.06,Clear,35.8,42.3,0,1,0,4.54,Moderate
2026-06-11,11:45,28.638753883067903,77.21940896582969,Connaught Place Inner Circle,Arterial,86,36.81,Clear,34.7,32.1,0,1,0,8.15,Low
2026-06-14,12:15,28.56454919266261,77.21014383776036,Ring Road,Highway,77,76.91,Clear,39.6,50.5,0,1,0,3.9,Low
2026-06-30,16:00,22.544689350423145,88.36002928696368,Park Street,Local,32,14.46,Rainy,22.1,87.3,0,0,0,20.74,High
2026-06-19,13:00,28.640032768625748,77.21489618954537,Connaught Place Inner Circle,Arterial,78,43.48,Clear,28.3,38.2,0,0,0,6.9,Low
2026-06-21,23:00,28.46823544139374,77.02895997456994,MG Road,Highway,108,80.92,Clear,37.6,52.6,0,1,1,3.71,Low
2026-06-24,23:00,28.592590877415883,77.18509793222947,Sardar Patel Marg,Arterial,92,37.85,Clear,39.6,37.9,0,1,0,7.93,Low
2026-06-09,09:00,28.595301469232275,77.16890341895406,Sardar Patel Marg,Arterial,177,14.65,Clear,41.2,49.4,0,1,0,20.48,High
2026-06-15,05:30,28.45109971915881,77.02864906526328,MG Road,Highway,149,46.18,Rainy,29.0,90.2,0,1,0,6.5,Moderate
2026-06-01,10:45,28.53238112357633,77.16358952291435,Nelson Mandela Marg,Arterial,218,20.01,Clear,39.5,55.7,0,1,0,14.99,Moderate
2026-06-21,21:15,22.550011961414157,88.34940857061015,Park Street,Local,20,20.62,Foggy,12.4,98.5,0,1,1,14.55,Moderate
2026-06-08,22:30,28.63277242126735,77.12234872759781,Outer Ring Road,Highway,126,67.12,Clear,32.2,51.3,0,1,0,4.47,Moderate
2026-06-28,23:45,28.541007927056878,77.16289985080049,Nelson Mandela Marg,Arterial,60,44.67,Clear,41.8,58.5,0,0,1,6.72,Low
2026-06-09,23:15,28.4531696640872,77.0286685971699,MG Road,Highway,172,70.96,Clear,37.2,38.5,0,1,0,4.23,Moderate
2026-06-25,04:15,22.556145677717783,88.3568516489979,Park Street,Local,28,14.06,Rainy,28.0,87.8,0,1,0,21.34,High
2026-06-28,02:30,28.548829562892692,77.17016025449759,Nelson Mandela Marg,Arterial,55,23.71,Rainy,22.5,90.4,0,0,0,12.65,Moderate
2026-06-15,09:15,28.59437323608909,77.2318595954488,Lodi Road,Local,70,11.8,Clear,33.9,47.5,0,0,0,25.42,High
2026-06-17,23:00,28.649403079251837,77.12194581999123,Outer Ring Road,Highway,155,73.44,Clear,30.2,48.5,0,1,0,4.08,Moderate
2026-06-30,15:45,28.61138526763297,77.216682287706,Grand Trunk Road,Highway,140,40.35,Foggy,17.5,87.4,0,1,0,7.43,Moderate
2026-06-30,15:00,28.622016805842847,77.21756899673889,Grand Trunk Road,Highway,174,58.92,Clear,31.0,51.4,0,0,0,5.09,Moderate
2026-06-08,13:15,28.63941584523631,77.28245432582875,Vikas Marg,Arterial,71,36.75,Clear,30.5,40.3,0,1,0,8.16,Low
2026-06-16,20:30,28.623863183066337,77.2154734518952,Grand Trunk Road,Highway,232,22.94,Rainy,25.0,95.1,0,0,0,13.08,Moderate
2026-06-29,11:45,28.64419444330629,77.28084515852947,Vikas Marg,Arterial,65,47.59,Clear,38.1,42.0,0,1,0,6.3,Low
2026-06-29,08:45,28.635722418156476,77.11986429687191,Outer Ring Road,Highway,312,34.12,Clear,30.5,53.1,0,1,0,8.79,High
2026-06-03,03:00,28.469007617479345,77.03192272592028,MG Road,Highway,97,64.19,Clear,34.4,39.9,0,0,1,4.67,Low
2026-06-20,08:45,28.460541533925625,77.02245499650374,MG Road,Highway,251,27.71,Clear,32.1,44.3,0,0,0,10.83,High
2026-06-23,10:15,28.532865080617483,77.1615973521864,Nelson Mandela Marg,Arterial,183,19.05,Clear,37.7,45.1,0,1,0,15.75,Moderate
2026-06-12,21:00,28.623611492598087,77.21315520611651,Grand Trunk Road,Highway,135,67.8,Clear,38.5,54.2,0,1,0,4.42,Moderate
2026-06-25,19:00,28.46840735949624,77.03118839986509,MG Road,Highway,312,19.11,Rainy,24.3,96.1,0,1,0,15.7,High
2026-06-21,00:30,28.532232712344257,77.17283947141583,Nelson Mandela Marg,Arterial,42,34.36,Clear,34.5,56.6,0,1,0,8.73,Moderate
2026-06-27,09:00,28.589224779653307,77.17154390829376,Sardar Patel Marg,Arterial,82,20.05,Clear,35.2,51.8,0,1,0,14.96,Moderate
2026-06-23,00:45,22.54822255769994,88.34698321480204,Park Street,Local,28,5.0,Clear,32.5,39.3,2,1,0,60.0,High
2026-06-09,15:15,28.565325414032944,77.20779488367253,Ring Road,Highway,166,44.3,Rainy,27.6,95.8,0,0,0,6.77,Moderate
2026-06-16,03:45,28.542189297039428,77.1551996227549,Nelson Mandela Marg,Arterial,87,42.43,Clear,40.5,34.2,0,0,0,7.07,Low
2026-06-06,23:15,28.567512837348016,77.21852942409119,Ring Road,Highway,105,65.56,Clear,33.1,42.3,0,1,0,4.58,Low
2026-06-15,06:45,28.54524251911013,77.1701073644973,Nelson Mandela Marg,Arterial,80,33.1,Rainy,22.2,89.9,0,1,0,9.06,Moderate
2026-06-03,20:45,28.637661479971815,77.21131014239688,Connaught Place Inner Circle,Arterial,174,20.47,Clear,33.0,52.9,0,0,0,14.66,Moderate
2026-06-07,10:15,28.633008879742235,77.28300411274414,Vikas Marg,Arterial,141,17.21,Clear,,37.3,0,1,1,17.43,Moderate
2026-06-17,08:45,28.612682016114988,77.21362580772131,Grand Trunk Road,Highway,330,18.43,Rainy,29.6,98.9,0,1,0,16.27,High
2026-06-11,16:30,22.54846202184188,88.34791922106346,Park Street,Local,28,18.31,Rainy,25.8,98.4,0,1,0,16.39,Moderate
2026-06-20,16:30,28.533763733146493,77.17062920506865,Nelson Mandela Marg,Arterial,63,38.69,Clear,29.1,34.1,0,0,0,7.75,Low
2026-06-01,09:15,28.62205519982481,77.21064663244468,Grand Trunk Road,Highway,401,26.67,Clear,30.3,46.4,0,1,0,11.25,High
2026-06-25,17:00,28.458591922139092,77.03232436461285,MG Road,Highway,243,28.55,Clear,29.6,33.8,0,1,0,10.51,Moderate
2026-06-07,06:15,28.632704707509898,77.11382212876187,Outer Ring Road,Highway,99,66.7,Clear,40.9,57.5,0,1,0,4.5,Low
2026-06-22,11:15,22.54576077886843,88.34700770013906,Park Street,Local,34,28.35,Clear,34.6,43.6,0,1,0,10.58,Moderate
2026-06-04,19:00,28.54108126248309,77.16719284013213,Nelson Mandela Marg,Arterial,138,12.29,Foggy,17.1,93.6,0,1,0,24.41,High
2026-06-25,06:00,22.549214907227725,88.3615348737634,Park Street,Local,30,20.78,Rainy,24.4,81.9,0,1,0,14.44,Moderate
2026-06-29,16:15,28.640533789474862,77.2794255706063,Vikas Marg,Arterial,44,33.31,Foggy,12.7,98.0,0,1,1,9.01,Moderate
2026-06-08,11:45,28.54615254581142,77.15717482512039,Nelson Mandela Marg,Arterial,72,43.51,Clear,31.2,52.8,0,0,0,6.9,Low
2026-06-05,12:15,999.0,77.2265912573378,Lodi Road,Local,32,28.55,Clear,31.1,50.6,0,1,0,10.51,Moderate
2026-06-07,01:00,28.626478473672268,77.22490706695007,Connaught Place Inner Circle,Arterial,64,38.77,Clear,33.3,32.6,0,0,0,7.74,Low
2026-06-27,00:30,28.610412290142552,77.20387423392563,Grand Trunk Road,Highway,107,67.58,Clear,34.6,57.6,0,0,0,4.44,Low
2026-06-29,19:45,28.60083020439538,77.17921644414328,Sardar Patel Marg,Arterial,141,13.37,Rainy,23.0,94.4,0,1,0,22.44,High
2026-06-24,11:45,28.596432552368768,77.18560478982087,Sardar Patel Marg,Arterial,68,31.06,Rainy,29.3,89.9,0,1,0,9.66,Moderate
2026-06-09,13:30,28.468584777266365,77.03216180447697,MG Road,Highway,136,59.69,Clear,34.1,43.3,0,1,0,5.03,Moderate
2026-06-02,01:15,28.456497027740607,77.02275384487307,MG Road,Highway,145,72.52,,38.1,51.4,0,1,0,4.14,Moderate
2026-06-18,03:45,28.579364797848687,77.2256261494123,Lodi Road,Local,35,-50.0,Clear,41.4,35.0,0,1,0,11.66,Moderate
2026-06-02,06:00,22.54007657379181,88.36157831581171,Park Street,Local,26,25.36,Clear,30.8,58.1,0,0,0,11.83,Moderate
2026-06-10,00:00,28.646130968703222,77.11008049223194,Outer Ring Road,Highway,171,69.4,Clear,32.8,31.4,0,1,0,4.32,Moderate
2026-06-09,23:30,28.594706235626603,77.22871547366334,Lodi Road,Local,26,22.64,Clear,40.9,50.8,0,0,0,13.25,Moderate
2026-06-23,15:45,28.593599147686138,77.17131030796706,Sardar Patel Marg,Arterial,68,33.03,Clear,28.9,32.5,0,1,0,9.08,Moderate
2026-06-30,04:45,28.629424202865152,77.22678040904671,Connaught Place Inner Circle,Arterial,94,43.62,Clear,38.4,56.4,0,1,0,6.88,Low
2026-06-28,14:15,28.60055155319764,77.17203062780831,Sardar Patel Marg,Arterial,48,32.42,Rainy,24.9,90.5,0,0,0,9.25,Moderate
2026-06-17,19:00,28.544314787150604,77.1721028528696,Nelson Mandela Marg,Arterial,204,14.22,Rainy,24.2,98.4,0,1,0,21.1,High
2026-06-05,12:45,28.622683184651102,77.19986677466605,Grand Trunk Road,Highway,146,83.5,Clear,28.7,38.7,0,1,0,3.59,Moderate
2026-06-16,16:45,28.605342187903844,77.17175425640507,Sardar Patel Marg,Arterial,86,37.06,Clear,40.9,56.5,0,1,0,8.1,Low
2026-06-24,13:00,28.623842272680257,77.21261634179908,Grand Trunk Road,Highway,170,55.96,Rainy,25.9,96.5,0,1,0,5.36,Moderate
2026-06-01,10:15,28.628971391398082,77.27089853132043,Vikas Marg,Arterial,182,17.06,Clear,37.8,49.4,0,1,0,17.59,Moderate
2026-06-27,00:45,28.641199270341865,77.27057248487493,Vikas Marg,Arterial,66,38.99,Clear,38.7,36.9,0,1,0,7.69,Low
2026-06-30,00:45,28.462549162969758,77.02069774457384,MG Road,Highway,142,56.41,Clear,29.1,33.4,0,1,0,5.32,Moderate
2026-06-01,12:15,28.581283353618424,77.22276546354759,Lodi Road,Local,24,22.83,Clear,34.1,50.1,0,1,0,13.14,Moderate
2026-06-22,10:15,28.57032351261933,77.20521671231965,Ring Road,Highway,325,26.06,Clear,39.8,56.1,0,1,0,11.51,High
2026-06-14,09:00,28.452128107436106,77.03635398385522,MG Road,Highway,210,25.85,Foggy,11.9,87.4,0,1,0,11.61,Moderate
2026-06-14,10:45,28.607398042513196,77.17678603947674,Sardar Patel Marg,Arterial,93,20.97,Clear,39.4,35.9,0,1,0,14.31,Moderate
2026-06-03,00:15,28.46271457940298,77.02145688606001,MG Road,Highway,149,56.26,Clear,34.8,34.9,0,1,0,5.33,Moderate
2026-06-03,15:00,28.62333051639563,77.21176855004308,Connaught Place Inner Circle,Arterial,84,40.42,Clear,32.2,37.4,0,0,0,7.42,Low
2026-06-06,06:45,22.553815175205646,88.35241587200906,Park Street,Local,21,26.44,Clear,41.9,49.3,0,1,1,11.35,Moderate
2026-06-13,17:45,28.54308244187548,77.16817200445693,Nelson Mandela Marg,Arterial,95,19.62,Clear,32.3,46.0,0,1,0,15.29,Moderate
2026-06-06,09:00,28.649392520383323,77.11855451030709,Outer Ring Road,Highway,201,8.64,Clear,38.3,57.1,1,1,0,34.74,High
2026-06-15,13:30,22.556607842699336,88.3595310980934,Park Street,Local,35,28.13,Clear,41.1,49.6,0,1,0,10.66,Moderate
2026-06-21,20:30,28.647980414459145,77.26623882935195,Vikas Marg,Arterial,173,19.22,Clear,36.2,36.7,0,1,0,15.61,Moderate
2026-06-05,13:30,28.63395473199162,77.21144493897877,Connaught Place Inner Circle,Arterial,84,37.44,Clear,37.5,59.8,0,0,0,8.01,Low
2026-06-14,11:15,28.64220103836584,77.27160307269921,Vikas Marg,Arterial,46,25.23,Rainy,23.8,94.1,0,0,0,11.89,Moderate
2026-06-28,08:45,28.544011053171896,77.16761931236614,Nelson Mandela Marg,Arterial,105,16.06,Clear,29.8,39.6,0,1,0,18.68,Moderate
2026-06-13,22:00,22.547929068063915,88.34444998641985,Park Street,Local,24,29.41,Clear,37.2,51.5,0,1,0,10.2,Moderate
2026-06-15,23:45,28.608826081188223,77.17763690166719,Sardar Patel Marg,Arterial,70,31.63,Rainy,22.1,97.4,0,1,0,9.49,Moderate
2026-06-28,11:45,28.590896978655522,77.22010369602549,Lodi Road,Local,27,17.82,Foggy,14.3,93.1,0,1,0,16.84,Moderate
2026-06-04,13:00,28.45875605756318,77.0355367776435,MG Road,Highway,121,62.59,Clear,38.6,31.2,0,1,0,4.79,Moderate
2026-06-05,04:45,28.64389651410912,77.11749819676018,Outer Ring Road,Highway,151,58.53,Clear,37.8,44.2,0,1,0,5.13,Moderate
2026-06-24,09:30,28.540409633785966,77.1597870032771,Nelson Mandela Marg,Arterial,198,14.69,Clear,41.7,44.9,0,1,0,20.43,High
2026-06-26,07:45,28.59119730955639,77.18638294361917,Sardar Patel Marg,Arterial,9999,14.99,Clear,41.8,32.3,0,0,0,20.01,High
2026-06-10,04:30,28.587873740713896,77.22872222268101,Lodi Road,Local,31,29.41,Clear,40.2,34.6,0,1,0,10.2,Moderate
2026-06-03,07:00,28.631882630004736,77.12691197783788,Outer Ring Road,Highway,305,25.97,Clear,31.8,31.1,0,1,0,11.55,High
2026-06-13,09:00,28.603919296949567,77.1696816554391,Sardar Patel Marg,Arterial,126,21.48,Clear,32.1,45.7,0,1,0,13.97,Moderate
2026-06-27,21:45,22.539993477206743,88.35174367213268,Park Street,Local,17,26.4,Clear,41.8,34.6,0,0,0,11.37,Moderate
2026-06-22,17:15,28.634058755953987,77.22469822870184,Connaught Place Inner Circle,Arterial,171,17.93,Clear,32.9,59.1,0,1,0,16.73,Moderate
2026-06-16,03:00,28.537186620370605,77.16779526082783,Nelson Mandela Marg,Arterial,92,24.19,Rainy,24.0,88.5,0,0,0,12.4,Moderate
2026-06-07,09:15,28.46475344847953,77.03654410287949,MG Road,Highway,177,29.76,Clear,39.1,31.3,0,1,0,10.08,Moderate
2026-06-18,11:30,28.641856235918787,77.12174222254116,Outer Ring Road,Highway,174,58.24,Clear,31.1,46.5,0,0,0,5.15,Moderate
2026-06-04,21:30,28.59410118904939,77.16889778350479,Sardar Patel Marg,Arterial,64,28.99,Foggy,11.5,89.4,0,1,0,10.35,Moderate
2026-06-23,10:30,22.541547373091497,88.35164717454454,Park Street,Local,56,,Clear,36.1,49.5,0,1,0,22.45,High
2026-06-23,05:00,28.462781447353677,77.02883294665476,MG Road,Highway,178,81.23,Clear,31.6,56.8,0,0,0,3.69,Moderate
2026-06-05,14:45,22.552742891008208,88.35732107582427,Park Street,Local,28,26.76,Clear,29.1,55.6,0,1,0,11.21,Moderate
2026-06-21,19:45,28.449721087973938,77.02749278111236,MG Road,Highway,249,20.54,Rainy,24.9,97.1,0,1,0,14.61,Moderate
2026-06-06,07:45,28.598445279280075,77.17515678613351,Sardar Patel Marg,Arterial,135,14.64,Foggy,16.9,98.9,0,1,0,20.49,High
2026-06-27,10:45,28.616316050435465,77.20794504693039,Grand Trunk Road,Highway,209,30.86,Clear,37.6,57.4,0,1,0,9.72,Moderate
2026-06-05,12:30,22.54255671924569,88.36099589440121,Park Street,Local,34,25.94,Clear,30.0,45.2,0,1,0,11.57,Moderate
2026-06-01,00:30,28.58081200546855,77.23333210673813,Lodi Road,Local,28,27.36,Clear,38.9,41.9,0,0,0,10.97,Moderate
2026-06-03,20:00,22.548138547764808,88.34620546242358,Park Street,Local,53,8.06,Rainy,27.0,96.4,0,1,1,37.23,High
2026-06-18,15:00,28.5336705705926,77.15797287699736,Nelson Mandela Marg,Arterial,66,34.98,Clear,35.2,46.8,0,0,0,8.58,Moderate
2026-06-28,22:30,28.57854217023077,77.22753099565908,Lodi Road,Local,23,18.56,Rainy,23.0,88.7,0,1,0,16.16,Moderate
2026-06-23,13:45,22.539028503748074,88.34856561458778,Park Street,Local,35,20.79,Clear,35.2,56.0,0,1,0,14.43,Moderate
2026-06-14,01:00,28.559388866542065,77.217663711574,Ring Road,Highway,101,59.17,Clear,38.6,37.2,0,1,0,5.07,Low
2026-06-07,16:00,22.55014815870607,88.3457760297789,Park Street,Local,21,29.15,Clear,34.5,51.8,0,1,0,10.29,Moderate
2026-06-30,04:15,28.461548705111806,77.03611277438195,MG Road,Highway,124,70.32,Clear,31.9,48.4,0,1,0,4.27,Moderate
2026-06-10,11:15,28.54814261703241,77.15804094329735,Nelson Mandela Marg,Arterial,92,23.73,Rainy,29.5,92.4,0,1,0,12.64,Moderate
2026-06-24,07:45,28.63414706826267,77.28565402324581,Vikas Marg,Arterial,145,18.26,Clear,40.1,49.0,0,1,0,16.43,Moderate
2026-06-12,23:15,28.582748872379632,77.2333779578051,Lodi Road,Local,33,22.06,Clear,29.2,54.6,0,0,0,13.6,Moderate
2026-06-13,20:15,28.632130733872167,77.12629073921725,Outer Ring Road,Highway,214,30.72,Clear,29.2,47.6,0,1,0,9.76,Moderate
2026-06-05,06:15,28.64526555769854,77.12459470999838,Outer Ring Road,Highway,144,65.66,Clear,41.4,32.2,0,0,0,4.57,Moderate
2026-06-12,19:00,28.620472317235432,77.20989474894424,Connaught Place Inner Circle,Arterial,163,14.88,Rainy,28.1,82.3,0,1,0,20.17,High
2026-06-22,11:15,28.451393087607872,77.02253393395256,MG Road,Highway,153,79.93,Clear,31.2,38.7,0,1,0,3.75,Moderate
2026-06-15,05:15,28.586472918494643,77.21853075873976,Lodi Road,Local,26,29.97,Clear,30.7,41.0,0,1,0,10.01,Moderate
2026-06-09,20:30,28.534442866267607,77.15876595098204,Nelson Mandela Marg,Arterial,154,14.43,Clear,32.3,40.3,0,1,0,20.79,High
2026-06-23,11:15,28.617992796388815,77.21583877261286,Grand Trunk Road,Highway,173,64.29,Clear,40.0,54.7,0,0,0,4.67,Moderate
2026-06-16,10:30,28.591803128434044,77.17416851484761,Sardar Patel Marg,Arterial,191,20.68,Clear,36.9,36.9,0,1,0,14.5,Moderate
2026-06-12,13:15,28.630247829279625,77.12772240022927,Outer Ring Road,Highway,150,51.1,Rainy,26.0,94.5,0,1,0,5.87,Moderate
2026-06-12,02:45,28.537692693774286,77.1633900002344,Nelson Mandela Marg,Arterial,64,32.75,Clear,37.1,57.7,0,1,0,9.16,Moderate
2026-06-04,10:00,28.595826353303273,77.21898627818612,Lodi Road,Local,82,9.43,Clear,32.9,35.1,0,0,0,31.8,High
2026-06-16,22:45,28.646567380144603,77.1258306214233,Outer Ring Road,Highway,158,78.28,Clear,28.7,50.7,0,0,0,3.83,Moderate
2026-06-24,17:00,28.642913147541336,77.2786772647002,Vikas Marg,Arterial,172,14.75,Clear,34.8,52.3,0,1,0,20.34,High
2026-06-19,01:30,28.58048166284396,77.21836144547594,Lodi Road,Local,26,24.8,Clear,37.9,58.1,0,0,0,12.09,Moderate
2026-06-09,16:30,28.6460751486321,77.27728710140609,Vikas Marg,Arterial,74,37.17,Clear,31.5,31.2,0,1,0,8.07,Low
2026-06-05,19:00,28.638847270864492,77.27541734917273,Vikas Marg,Arterial,183,21.21,Clear,37.9,32.1,0,0,0,14.15,Moderate
2026-06-18,07:30,28.642534251519137,77.1254455122583,Outer Ring Road,Highway,357,29.34,Clear,42.0,49.8,0,1,0,10.23,High
2026-06-15,00:00,28.535160590592106,77.15585137814524,Nelson Mandela Marg,Arterial,69,38.38,Clear,34.4,52.1,0,0,0,7.82,Low
2026-06-09,03:15,28.596051973570894,77.18157085197325,Sardar Patel Marg,Arterial,68,41.24,Clear,28.7,33.1,0,0,0,7.28,Low
2026-06-18,10:30,28.639823664008592,77.12357766733778,Outer Ring Road,Highway,254,37.73,Clear,29.8,36.8,0,0,0,7.95,High
2026-06-19,18:00,28.584633966809808,77.21638293504567,Lodi Road,Local,59,12.4,Clear,39.2,43.2,0,1,0,24.19,High
2026-06-02,03:30,28.573277527542885,77.2064097927453,Ring Road,Highway,177,80.64,Clear,28.8,58.4,0,1,0,3.72,Moderate
2026-06-26,20:00,28.58137517006942,77.22416472312491,Lodi Road,Local,38,11.97,Clear,40.6,43.4,0,0,1,25.07,High
2026-06-26,18:30,28.58002924279167,77.2237389609625,Lodi Road,Local,78,10.1,Clear,35.8,52.3,0,1,0,29.69,High
2026-06-15,00:30,28.614766118531335,77.2187890422028,Grand Trunk Road,Highway,177,72.25,Clear,31.5,40.0,0,1,0,4.15,Moderate
2026-06-09,02:15,28.568935545764464,77.21324500142761,Ring Road,Highway,175,56.08,Clear,36.0,55.3,0,1,0,5.35,Moderate
2026-06-11,01:45,28.635574242074938,77.1118698602331,Outer Ring Road,Highway,171,45.17,Rainy,25.6,97.5,0,1,0,6.64,Moderate
2026-06-25,07:00,28.634739977161665,77.20969734705844,Connaught Place Inner Circle,Arterial,168,19.37,Clear,37.2,46.7,0,0,0,15.49,Moderate
2026-06-27,06:30,28.534977373842995,77.16921291594768,Nelson Mandela Marg,Arterial,55,33.76,Clear,39.3,33.8,0,1,0,8.89,Moderate
2026-06-29,18:45,28.457396064000093,77.02697094862089,MG Road,Highway,274,20.86,Rainy,28.3,83.2,0,1,0,14.38,High
2026-06-16,05:45,28.562571553195507,77.20129147292604,Ring Road,Highway,163,83.21,Clear,39.6,59.9,0,0,0,3.61,Moderate
2026-06-05,18:30,28.640258223451198,77.2711244638796,Vikas Marg,Arterial,167,14.98,Clear,28.3,59.8,0,1,0,20.03,High
2026-06-20,23:30,28.461198421894494,77.01832333386803,MG Road,Highway,136,57.79,Foggy,16.5,86.7,0,1,0,5.19,Moderate
2026-06-18,09:30,28.648702334869984,77.11823638004621,Outer Ring Road,Highway,282,35.53,Clear,33.8,44.7,0,1,0,8.44,High
2026-06-01,03:30,28.561815678450273,77.21326257476488,Ring Road,Highway,124,65.37,Clear,41.6,52.3,0,1,0,4.59,Moderate
2026-06-15,09:30,22.55797106370625,88.3520977288058,Park Street,Local,59,9.9,Clear,39.1,54.1,0,0,0,30.29,High
2026-06-27,09:15,28.643152632042288,77.12993389275053,Outer Ring Road,Highway,240,35.85,Clear,29.9,39.8,0,1,0,8.37,Moderate
2026-06-25,17:45,22.550343543907427,88.35266504622827,Park Street,Local,56,13.02,Clear,34.4,38.0,0,1,0,23.05,High
2026-06-10,14:45,28.56210724111973,77.21541791366559,Ring Road,Highway,151,57.97,Clear,31.7,34.0,0,0,0,5.18,Moderate
2026-06-23,04:00,28.569980348578536,77.21754929899343,Ring Road,Highway,152,54.84,Foggy,12.4,92.7,0,1,0,5.47,Moderate
2026-06-28,02:00,28.638970835268548,77.2134292963429,Connaught Place Inner Circle,Arterial,71,35.45,Clear,37.0,52.8,0,1,0,8.46,Low
2026-06-05,11:00,28.577178450169267,77.20599604067458,Ring Road,Highway,124,37.7,Snowy,2.3,89.4,0,1,0,7.96,Moderate
2026-06-02,00:30,28.567026314354983,77.20133902356689,Ring Road,Highway,134,69.25,Clear,35.1,47.6,0,1,0,4.33,Moderate
2026-06-05,03:45,28.640130523980748,77.27629080045408,Vikas Marg,Arterial,93,32.85,Rainy,29.9,94.2,0,0,0,9.13,Moderate
2026-06-12,14:30,28.584398436420873,77.2272988987021,Lodi Road,Local,28,24.34,Clear,40.2,50.2,0,1,0,12.33,Moderate
2026-06-30,22:15,28.560872494587684,77.2080125706568,Ring Road,Highway,159,67.28,Clear,30.3,36.3,0,0,0,4.46,Moderate
2026-06-11,21:30,22.54100165118387,88.34970695742571,Park Street,Local,32,25.74,Clear,41.5,41.7,0,0,0,11.65,Moderate
2026-06-27,02:15,28.54077703635292,77.16740233860278,Nelson Mandela Marg,Arterial,59,41.89,Clear,37.0,45.5,0,1,0,7.16,Low
2026-06-29,05:00,28.468116648316347,77.0345320191611,MG Road,Highway,168,69.69,Clear,32.2,37.4,0,0,0,4.3,Moderate
2026-06-08,02:15,28.59596104573982,77.17782102445662,Sardar Patel Marg,Arterial,86,24.8,Rainy,25.6,87.8,0,0,0,12.1,Moderate
2026-06-16,22:45,28.642922607367346,77.12263848562857,Outer Ring Road,Highway,168,66.23,Clear,34.5,43.8,0,1,0,4.53,Moderate
2026-06-03,11:00,22.546961842726095,88.34585365867612,Park Street,Local,18,23.67,Clear,36.9,46.2,0,1,1,12.68,Moderate
2026-06-09,12:45,28.63707981051539,77.22429488875306,Connaught Place Inner Circle,Arterial,95,33.9,Clear,28.3,43.4,0,1,0,8.85,Moderate
2026-06-16,21:30,28.572080853636,77.20641571594686,Ring Road,Highway,133,70.79,Clear,35.2,54.9,0,1,0,4.24,Moderate
2026-06-25,16:45,28.646519372717954,77.27451315594813,Vikas Marg,Arterial,64,31.16,Rainy,26.1,84.6,0,1,0,9.63,Moderate
2026-06-20,05:45,28.618894283465735,77.20365809114432,Grand Trunk Road,Highway,142,62.25,Clear,40.2,31.3,0,1,0,4.82,Moderate
2026-06-13,09:15,28.578802108530102,77.22400221916968,Lodi Road,Local,52,11.52,Clear,32.7,48.8,0,1,0,26.04,High
2026-06-06,05:00,28.594977551525176,77.22052052174084,Lodi Road,Local,16,29.73,Clear,41.5,43.2,0,1,0,10.09,Moderate
2026-06-11,05:00,22.547368622884655,88.34530590026739,Park Street,Local,24,24.3,Clear,,39.2,0,0,0,12.35,Moderate
2026-06-23,06:45,28.635957276597935,77.27396136406072,Vikas Marg,Arterial,68,47.2,Clear,35.7,41.3,0,1,0,6.36,Low
2026-06-07,02:30,28.459673492641798,77.02215428065037,MG Road,Highway,125,65.09,Clear,40.8,39.7,0,1,0,4.61,Moderate
2026-06-05,04:30,22.54892723119261,88.3436432998521,Park Street,Local,34,23.91,Clear,34.8,47.1,0,1,0,12.55,Moderate
2026-06-18,05:00,28.463235779367167,77.03378714957033,MG Road,Highway,123,67.7,Clear,38.4,31.9,0,1,0,4.43,Moderate
2026-06-27,15:00,28.603704958119373,77.16906942745415,Sardar Patel Marg,Arterial,67,28.37,Rainy,27.8,84.7,0,0,0,10.57,Moderate
2026-06-09,07:00,28.623582418857442,77.2138946119977,Connaught Place Inner Circle,Arterial,196,11.62,Rainy,24.6,88.9,0,1,0,25.81,High
2026-06-26,08:00,28.56788239962051,77.2024816517123,Ring Road,Highway,325,37.13,Clear,31.1,41.7,0,0,0,8.08,High
2026-06-23,08:30,22.544804976938323,88.3560035715636,Park Street,Local,79,9.39,Rainy,28.1,80.7,0,1,0,31.97,High
2026-06-06,22:45,28.600628422893053,77.18158642814969,Sardar Patel Marg,Arterial,70,35.12,Clear,32.9,42.2,0,0,0,8.54,Low
2026-06-21,05:30,28.63610189962307,77.1262278742469,Outer Ring Road,Highway,96,72.19,Clear,33.6,35.6,0,0,0,4.16,Low
2026-06-19,00:45,28.582070369808868,77.2148373436347,Lodi Road,Local,31,24.55,Clear,39.1,31.8,0,1,0,12.22,Moderate
2026-06-04,11:45,28.647037283490285,77.12585097482587,Outer Ring Road,Highway,146,56.55,Clear,30.8,48.1,0,0,0,5.31,Moderate
2026-06-25,20:30,28.53844563686064,77.15680063231217,Nelson Mandela Marg,Arterial,231,19.83,Clear,39.8,36.2,0,1,0,15.13,Moderate
2026-06-19,08:45,28.46926111437248,77.03042180372991,MG Road,Highway,334,36.27,Clear,29.9,45.8,0,1,0,8.27,High
2026-06-22,14:00,28.593073934742186,77.1708407054807,Sardar Patel Marg,Arterial,64,40.33,Clear,38.0,52.0,0,1,0,7.44,Low
2026-06-01,17:00,28.545575538947237,77.16859763886978,Nelson Mandela Marg,Arterial,153,17.35,Clear,32.1,31.4,0,1,0,17.29,Moderate
2026-06-16,00:30,28.456026189636464,77.01803304195967,MG Road,Highway,153,81.41,Clear,28.5,52.8,0,1,0,3.69,Moderate
2026-06-08,17:15,28.61892977114742,77.21820863158632,Grand Trunk Road,Highway,332,30.67,Clear,36.5,35.6,0,0,0,9.78,High
2026-06-21,03:15,28.467006103135134,77.02635922090083,MG Road,Highway,122,57.83,Clear,39.7,45.7,0,1,0,5.19,Moderate
2026-06-04,20:00,28.648464954647917,77.2779028957089,Vikas Marg,Arterial,137,20.87,Clear,,30.4,0,1,0,14.37,Moderate
2026-06-14,13:30,28.539780542418292,77.15821005180393,Nelson Mandela Marg,Arterial,55,33.31,Rainy,27.9,97.5,0,0,0,9.01,Moderate
2026-06-23,07:00,28.648137559507944,77.12718186268414,Outer Ring Road,Highway,280,27.51,Clear,34.4,54.6,0,0,0,10.91,High
2026-06-06,16:15,28.635101728622388,77.11383968535122,Outer Ring Road,Highway,91,59.72,Clear,37.8,39.8,0,1,0,5.02,Low
2026-06-04,09:15,28.623943308425297,77.2106021763425,Connaught Place Inner Circle,Arterial,138,21.58,Clear,41.4,51.2,0,0,0,13.9,Moderate
2026-06-15,10:15,28.564704828137806,77.20771721626683,Ring Road,Highway,227,25.12,Rainy,25.4,93.5,0,0,1,11.94,Moderate
2026-06-25,16:45,28.634261755175395,77.20893605740157,Connaught Place Inner Circle,Arterial,79,22.49,Rainy,25.3,85.4,0,1,0,13.34,Moderate
2026-06-20,04:45,28.55094852864166,77.15607844917773,Nelson Mandela Marg,Arterial,52,47.75,Clear,40.6,30.6,0,1,0,6.28,Low
2026-06-28,07:00,22.546700908379393,88.36188883283943,Park Street,Local,58,13.16,Clear,32.7,30.0,0,1,0,22.8,High
2026-06-28,06:15,28.55016743687442,77.15957568204897,Nelson Mandela Marg,Arterial,54,39.27,Clear,33.2,50.6,0,0,0,7.64,Low
2026-06-29,19:30,28.638369886101632,77.21377225931653,Connaught Place Inner Circle,Arterial,205,18.9,Clear,31.0,46.8,0,1,0,15.87,Moderate
2026-06-05,10:15,28.64007451626054,77.11544411698499,Outer Ring Road,Highway,311,28.65,Clear,41.8,40.5,0,0,0,10.47,High
2026-06-14,05:15,28.608331153868555,77.18160189070929,Sardar Patel Marg,Arterial,48,41.36,Clear,30.3,42.0,0,0,0,7.25,Low
2026-06-26,23:00,28.58991641120408,77.2290038468529,Lodi Road,Local,28,5.0,Clear,29.4,58.1,2,1,0,60.0,High
2026-06-24,00:00,28.550661646244446,77.15507940271598,Nelson Mandela Marg,Arterial,90,36.02,Clear,38.2,43.2,0,1,0,8.33,Low
2026-06-16,15:30,28.636908321908532,77.27498126337511,Vikas Marg,Arterial,95,45.46,Clear,29.1,41.3,0,1,0,6.6,Low
2026-06-10,07:45,28.647184252972863,77.11237511168534,Outer Ring Road,Highway,267,18.96,Foggy,14.3,95.0,0,1,0,15.83,High
2026-06-11,09:45,28.574583284976615,77.2186593814898,Ring Road,Highway,377,36.39,Clear,29.0,46.3,0,0,0,8.24,High
2026-06-22,04:45,28.592379627384442,77.18415547191938,Sardar Patel Marg,Arterial,69,36.59,Clear,40.1,44.7,0,1,0,8.2,Low
2026-06-30,19:45,28.59299694518171,77.17499555095348,Sardar Patel Marg,Arterial,164,19.63,Clear,30.7,38.3,0,1,0,15.29,Moderate
2026-06-24,21:45,28.63335984105092,77.27353264384428,Vikas Marg,Arterial,69,36.31,Clear,30.8,57.8,0,1,0,8.26,Low
2026-06-12,00:15,28.602090289334843,77.16869299869214,Sardar Patel Marg,Arterial,64,28.48,Rainy,,87.6,0,1,0,10.54,Moderate
2026-06-20,06:00,28.64702265675606,77.11385032833374,Outer Ring Road,Highway,85,72.36,Clear,38.5,43.8,0,0,0,4.15,Low
2026-06-10,06:15,28.63297132239672,77.11901109522616,Outer Ring Road,Highway,153,56.54,Rainy,24.4,88.2,0,1,0,5.31,Moderate
2026-06-28,15:30,28.546150693129807,77.16532376719083,Nelson Mandela Marg,Arterial,42,12.41,Clear,29.3,46.8,1,1,0,24.18,High
2026-06-12,23:45,28.643636530122983,77.27404545044949,Vikas Marg,Arterial,93,28.79,Rainy,27.6,99.8,0,1,0,10.42,Moderate
2026-06-23,17:45,28.636920542237387,77.2815946352664,Vikas Marg,Arterial,212,14.66,Clear,32.3,47.6,0,1,0,20.46,High
2026-06-21,05:00,28.63889288828651,77.12266507443098,Outer Ring Road,Highway,122,50.5,Rainy,25.5,93.4,0,1,0,5.94,Moderate
2026-06-25,18:30,28.46692162511736,77.02512494221914,MG Road,Highway,336,24.98,Foggy,17.2,88.8,0,1,0,12.01,High
2026-06-30,12:15,28.602907074129615,77.16764214245086,Sardar Patel Marg,Arterial,76,46.87,Clear,36.1,55.2,0,1,0,6.4,Low
2026-06-29,03:30,28.646573159184822,77.12447392794938,Outer Ring Road,Highway,151,73.99,Clear,40.0,44.0,0,1,0,4.05,Moderate
2026-06-06,06:00,28.560152275124533,77.20681758760614,Ring Road,Highway,77,81.25,Clear,29.5,38.1,0,0,0,3.69,Low
2026-06-07,07:30,28.59043223824179,77.17197827430935,Sardar Patel Marg,Arterial,150,13.96,Rainy,23.1,96.1,0,0,0,21.5,High
2026-06-19,23:30,28.567360546311075,77.21128047587204,Ring Road,Highway,165,61.18,Clear,41.9,40.4,0,1,0,4.9,Moderate
2026-06-27,11:45,28.571702788051915,77.20426408565521,Ring Road,Highway,128,63.59,,39.7,59.4,0,1,0,4.72,Moderate
2026-06-14,20:15,28.450113011814143,77.01911325099223,MG Road,Highway,216,32.2,Clear,30.1,33.0,0,1,0,9.32,Moderate
2026-06-28,15:30,28.622152579961366,77.21074254348801,Grand Trunk Road,Highway,101,58.29,Clear,36.8,40.3,0,1,0,5.15,Low
2026-06-04,09:30,28.545344768286753,77.16171404361229,Nelson Mandela Marg,Arterial,153,14.06,Rainy,25.5,80.8,0,1,0,21.33,High
2026-06-15,16:45,28.6403089399519,77.22661060201219,Connaught Place Inner Circle,Arterial,64,35.0,Clear,41.6,47.9,0,0,0,8.57,Low
2026-06-07,11:00,28.453955317528337,77.035982832401,MG Road,Highway,100,56.18,Rainy,27.3,97.3,0,1,0,5.34,Low
2026-06-24,07:45,28.633452592721508,77.21381328145185,Connaught Place Inner Circle,Arterial,93,16.09,Clear,32.7,52.6,0,1,1,18.64,Moderate
2026-06-06,00:15,28.56306847099831,77.21415699497457,Ring Road,Highway,99,46.16,Rainy,25.1,94.2,0,1,0,6.5,Low
2026-06-09,11:00,28.566669167048396,77.21460226875803,Ring Road,Highway,159,56.31,Clear,39.1,42.1,0,0,0,5.33,Moderate
2026-06-11,11:30,28.570127861030162,77.20585959441009,Ring Road,Highway,148,57.73,Rainy,29.5,91.9,0,1,0,5.2,Moderate
2026-06-05,21:00,28.647233345173564,77.11405231401393,Outer Ring Road,Highway,99,65.25,Clear,28.9,38.1,0,1,1,4.6,Low
2026-06-29,17:30,28.592796782209497,77.17465327037006,Sardar Patel Marg,Arterial,169,20.41,Clear,40.6,37.2,0,1,0,14.7,Moderate
2026-06-21,06:45,22.555284634968235,88.3602126147777,Park Street,Local,18,16.6,Rainy,26.3,82.4,0,1,0,18.07,Moderate
2026-06-29,01:15,28.549496740934124,77.16337074213531,Nelson Mandela Marg,Arterial,81,28.95,Foggy,16.5,89.2,0,1,0,10.36,Moderate
2026-06-16,16:00,28.597550443091205,77.16823608479153,Sardar Patel Marg,Arterial,86,43.7,Clear,40.0,46.9,0,1,0,6.87,Low
2026-06-22,02:30,28.539288364134595,77.156162185612,Nelson Mandela Marg,Arterial,75,28.71,Rainy,22.3,91.3,0,0,0,10.45,Moderate
2026-06-11,15:45,28.61823343736566,77.20100912046227,Grand Trunk Road,Highway,153,67.81,Clear,30.4,48.5,0,1,0,4.42,Moderate
2026-06-30,03:15,22.5524688405455,88.35275818069337,Park Street,Local,30,14.32,Snowy,-0.6,80.9,0,1,0,20.95,High
2026-06-21,10:30,28.64872548795339,77.11224932871923,Outer Ring Road,Highway,245,5.0,Clear,34.8,50.6,2,1,0,60.0,High
2026-06-26,07:15,28.468640328662694,77.03254042695349,MG Road,Highway,390,32.34,Clear,29.1,58.0,0,1,0,9.28,High
2026-06-06,06:30,28.547804968888478,77.15709109209126,Nelson Mandela Marg,Arterial,65,31.26,Rainy,28.1,89.3,0,1,1,9.6,Moderate
2026-06-16,16:45,22.549524950367072,88.34625669434443,Park Street,Local,24,24.78,Clear,,46.3,0,0,0,12.11,Moderate
2026-06-14,09:15,28.632617418839335,77.21554409821647,Connaught Place Inner Circle,Arterial,87,12.67,Foggy,11.8,93.0,0,0,0,23.68,High
2026-06-17,20:15,28.639833009958632,77.22079961388077,Connaught Place Inner Circle,Arterial,163,14.73,Rainy,25.7,99.9,0,0,0,20.37,High
2026-06-02,03:00,28.455579038133234,77.02423041104379,MG Road,Highway,174,63.85,Clear,,32.3,0,1,0,4.7,Moderate
2026-06-21,22:00,28.466911912674526,77.02025197499057,MG Road,Highway,121,43.22,Rainy,25.3,84.3,0,1,0,6.94,Moderate
2026-06-22,16:30,28.56070347482238,77.21727407807555,Ring Road,Highway,146,60.55,Clear,31.8,43.2,0,1,0,4.95,Moderate
2026-06-05,09:45,28.547909874464818,77.16335959061836,Nelson Mandela Marg,Arterial,9999,15.08,Rainy,29.9,93.4,0,1,0,19.9,Moderate
2026-06-14,16:45,22.548534560963393,88.34872175518615,Park Street,Local,19,18.19,Rainy,22.4,91.8,0,1,0,16.49,Moderate
2026-06-25,06:30,28.460400967927022,77.03003595793152,MG Road,Highway,146,65.87,Clear,38.4,31.1,0,1,0,4.55,Moderate
2026-06-13,19:15,28.631224613175224,77.2251070799861,Connaught Place Inner Circle,Arterial,84,16.34,Clear,33.1,38.0,0,1,0,18.36,Moderate
2026-06-04,15:45,28.63671586675314,77.11734491676499,Outer Ring Road,Highway,138,74.88,Clear,39.6,52.2,0,0,1,4.01,Moderate
2026-06-05,01:00,28.633087945189942,77.20977360580741,Connaught Place Inner Circle,Arterial,75,43.25,Clear,41.6,31.5,0,1,0,6.94,Low
2026-06-21,08:45,28.6465216413926,77.11179282536473,Outer Ring Road,Highway,171,25.75,Clear,37.3,36.9,0,0,0,11.65,Moderate
2026-06-26,03:45,22.543396779915973,88.34246928843234,Park Street,Local,25,25.59,Clear,30.0,47.8,0,1,0,11.72,Moderate
2026-06-17,09:15,28.603011593317156,77.17914866352055,Sardar Patel Marg,Arterial,157,10.66,Rainy,28.2,99.9,0,1,0,28.14,High
2026-06-23,04:45,28.614881628756507,77.20810212601626,Grand Trunk Road,Highway,179,58.66,Rainy,27.9,89.2,0,0,0,5.11,Moderate
2026-06-07,16:45,28.640997671189755,77.116181909774,Outer Ring Road,Highway,113,74.8,Clear,28.2,50.5,0,1,0,4.01,Low
2026-06-25,03:00,28.45290099785803,77.01807159276319,MG Road,Highway,130,66.46,Clear,30.4,59.4,0,0,0,4.51,Moderate
2026-06-01,21:45,28.64516441955905,77.27333350294992,Vikas Marg,Arterial,66,32.32,Foggy,16.1,95.8,0,1,0,9.28,Moderate
2026-06-27,22:30,28.547169575381197,77.16419129740419,Nelson Mandela Marg,Arterial,50,33.04,Clear,31.6,31.5,0,0,0,9.08,Moderate
2026-06-28,20:00,28.454993308231597,77.03363252874185,MG Road,Highway,254,31.96,Clear,35.0,40.0,0,1,0,9.39,High
2026-06-16,23:30,28.62221584313094,77.20278959240191,Grand Trunk Road,Highway,131,81.33,Clear,30.7,48.1,0,1,0,3.69,Moderate
2026-06-05,11:45,28.638754426179094,77.26683030451879,Vikas Marg,Arterial,73,34.21,Clear,29.1,40.3,0,1,0,8.77,Moderate
2026-06-21,09:15,28.574945920210084,77.21056964001919,Ring Road,Highway,209,24.53,Rainy,24.9,93.9,0,1,0,12.23,Moderate
2026-06-28,01:45,28.599751296331654,77.18096573853262,Sardar Patel Marg,Arterial,62,42.92,Clear,28.7,33.5,0,1,0,6.99,Low
2026-06-04,15:30,28.46400542406322,77.02164504101815,MG Road,Highway,155,82.68,Clear,36.9,46.1,0,0,0,3.63,Moderate
2026-06-23,22:45,28.639177819989307,77.21392476093729,Connaught Place Inner Circle,Arterial,81,46.5,Clear,38.4,38.1,0,1,0,6.45,Low
2026-06-14,12:15,28.579125979607706,77.22021311268779,Lodi Road,Local,22,29.62,Clear,39.3,41.1,0,1,1,10.13,Moderate
2026-06-08,22:15,28.564035457340957,77.2041286798946,Ring Road,Highway,123,58.58,Rainy,23.5,91.8,0,0,0,5.12,Moderate
2026-06-20,23:00,28.637825602205474,77.26996170380963,Vikas Marg,Arterial,71,46.33,Clear,28.4,49.4,0,1,0,6.48,Low
2026-06-16,10:15,28.46114912260939,77.0349095720574,MG Road,Highway,263,29.69,Clear,41.8,57.5,0,0,0,10.11,High
2026-06-25,12:30,28.636149518704112,77.12661670290936,Outer Ring Road,Highway,125,50.19,Rainy,25.3,85.7,0,1,0,5.98,Moderate
2026-06-27,08:15,28.615912894021406,77.21191880341523,Grand Trunk Road,Highway,198,26.06,Rainy,25.1,94.3,0,1,0,11.51,Moderate
2026-06-10,04:45,28.6234738731254,77.2084392470044,Connaught Place Inner Circle,Arterial,70,39.22,Clear,34.1,50.1,0,0,0,7.65,Low
2026-06-17,08:00,22.54413514256481,88.3437769283535,Park Street,Local,60,6.45,Rainy,27.8,84.6,0,0,0,46.5,High
2026-06-26,07:30,28.46100153228985,77.01919461505452,MG Road,Highway,344,5.61,Clear,39.2,35.7,2,1,0,53.46,High
2026-06-17,00:30,28.46403764112637,77.02373472537785,MG Road,Highway,133,39.79,Snowy,-2.1,94.8,0,1,0,7.54,Moderate
2026-06-21,00:00,28.61837073870592,77.20465265882305,Grand Trunk Road,Highway,103,73.73,Clear,32.7,50.2,0,0,0,4.07,Low
2026-06-28,08:30,28.642051482467004,77.27169810232029,Vikas Marg,Arterial,113,19.38,Clear,38.5,49.2,0,0,0,15.48,Moderate
2026-06-29,04:30,28.587748657352662,77.23041260228595,Lodi Road,Local,31,13.53,Snowy,0.0,85.9,0,1,0,22.17,High
2026-06-10,11:00,28.590958508999712,77.18694682671057,Sardar Patel Marg,Arterial,9999,43.01,Clear,31.2,36.8,0,1,0,6.98,Low
2026-06-25,13:45,22.542093038446897,88.34937927713884,Park Street,Local,28,20.81,,33.3,34.7,0,1,0,14.42,Moderate
2026-06-29,14:30,28.643823334595616,77.12805033424841,Outer Ring Road,Highway,177,63.2,Clear,37.1,44.1,0,1,0,4.75,Moderate
2026-06-06,12:00,28.453605099968993,77.02983608701365,MG Road,Highway,93,83.4,Clear,29.3,50.6,0,0,0,3.6,Low
2026-06-07,09:00,22.5509197254053,88.34641541043909,Park Street,Local,40,10.33,Clear,38.6,35.1,0,0,0,29.05,High
2026-06-24,08:15,28.647412471268225,77.11915803570956,Outer Ring Road,Highway,246,31.67,Clear,40.9,47.3,0,0,0,9.47,Moderate
2026-06-12,22:00,28.582268092492725,77.22329820887825,Lodi Road,Local,24,25.37,Clear,38.0,30.9,0,0,0,11.82,Moderate
2026-06-27,16:30,28.623071870274305,77.21699605435823,Grand Trunk Road,Highway,108,64.1,Clear,41.1,42.7,0,0,0,4.68,Low
2026-06-05,00:15,28.634254265899038,77.11458308374051,Outer Ring Road,Highway,142,77.22,Clear,35.2,32.5,0,1,0,3.89,Moderate
2026-06-05,14:30,28.463757742981052,77.02553637875714,MG Road,Highway,137,72.23,Clear,38.3,59.6,0,1,0,4.15,Moderate
2026-06-17,17:00,28.6382890437168,77.12180982691311,Outer Ring Road,Highway,313,22.59,Rainy,27.6,83.7,0,0,0,13.28,High
2026-06-03,02:45,28.45760495982344,77.02372083421406,MG Road,Highway,177,74.3,Clear,32.6,43.1,0,1,0,4.04,Moderate
2026-06-20,15:15,28.462293762527587,77.03578795464851,MG Road,Highway,112,56.93,Clear,37.9,40.8,0,1,0,5.27,Low
2026-06-19,19:00,28.57354517622028,77.207751520008,Ring Road,Highway,429,25.88,Rainy,26.5,98.0,0,0,0,11.59,High
2026-06-05,18:30,28.642123872494686,77.12423392222158,Outer Ring Road,Highway,348,28.42,Clear,28.4,44.3,0,0,0,10.55,High
2026-06-24,17:00,28.640683297467344,77.27523050970905,Vikas Marg,Arterial,204,13.59,Rainy,24.0,87.3,0,1,0,22.08,High
2026-06-06,10:30,28.597106494153532,77.1781040617783,Sardar Patel Marg,Arterial,135,13.14,Rainy,27.7,99.9,0,0,0,22.83,High
2026-06-17,14:00,28.633254808533454,77.2190041993657,Connaught Place Inner Circle,Arterial,89,25.88,Rainy,24.5,88.5,0,1,0,11.59,Moderate
2026-06-20,01:45,28.634683182901128,77.11179001281792,Outer Ring Road,Highway,97,73.71,Clear,31.1,50.4,0,1,0,4.07,Low
2026-06-27,18:45,28.580248518223666,77.2258972419911,Lodi Road,Local,39,9.21,Clear,33.9,58.9,0,0,0,32.59,High
2026-06-16,17:45,22.547485363221274,88.349123601092,Park Street,Local,57,10.58,Clear,40.9,43.4,0,0,0,28.36,High
2026-06-09,00:15,28.589821214893444,77.18061373067819,Sardar Patel Marg,Arterial,76,42.93,Clear,31.0,48.2,0,1,0,6.99,Low
2026-06-19,17:00,28.62716399538473,77.20857123341861,Connaught Place Inner Circle,Arterial,135,19.87,Clear,37.2,47.6,0,1,0,15.1,Moderate
2026-06-02,23:00,28.45759651616991,77.02211680626138,MG Road,Highway,139,77.84,Clear,39.2,43.4,0,1,0,3.85,Moderate
2026-06-07,05:00,22.545186337008335,88.34889506184575,Park Street,Local,20,22.91,Clear,41.4,59.2,0,0,0,13.1,Moderate
2026-06-02,21:15,28.64498666774414,77.28459164943139,Vikas Marg,Arterial,84,25.93,,23.0,93.4,0,0,0,11.57,Moderate
2026-06-29,18:45,28.45764766651609,77.03483186347115,MG Road,Highway,326,23.01,Rainy,25.6,83.0,0,0,0,13.04,High
2026-06-15,17:30,28.59234360295892,77.229972803108,Lodi Road,Local,47,11.69,Clear,41.7,52.3,0,1,0,25.66,High
2026-06-22,14:00,28.546767206445818,77.15823604691788,Nelson Mandela Marg,Arterial,68,44.65,Clear,33.4,35.8,0,1,0,6.72,Low
2026-06-12,09:45,28.459706145284223,77.02548033260845,MG Road,Highway,298,28.88,Clear,32.3,40.2,0,1,0,10.39,High
2026-06-29,22:45,28.633847014526008,77.2082157388657,Connaught Place Inner Circle,Arterial,66,46.0,Clear,34.3,53.5,0,1,0,6.52,Low
2026-06-15,07:15,28.450037211823165,77.03038549577195,MG Road,Highway,399,31.08,Clear,34.3,44.5,0,1,0,9.65,High
2026-06-18,06:30,28.56791382341286,77.20062346164634,Ring Road,Highway,171,42.18,Rainy,24.0,86.0,0,1,0,7.11,Moderate
2026-06-08,02:30,28.56294891194781,77.20655839102743,Ring Road,Highway,93,13.91,Rainy,25.0,83.1,1,1,1,21.57,High
2026-06-30,02:00,28.640378067358792,77.21807532457768,Connaught Place Inner Circle,Arterial,76,34.39,Clear,39.2,46.0,0,1,0,8.72,Moderate
2026-06-10,02:00,28.545191769687893,77.16318708980252,Nelson Mandela Marg,Arterial,73,24.6,Rainy,23.6,88.3,0,0,0,12.19,Moderate
2026-06-16,00:00,28.625145525567678,77.20863119197648,Connaught Place Inner Circle,Arterial,79,40.86,Clear,29.7,53.9,0,1,0,7.34,Low
2026-06-03,17:30,28.63566977485836,77.28504902091208,Vikas Marg,Arterial,139,10.57,Rainy,23.0,97.9,0,1,0,28.39,High
2026-06-06,09:15,28.625390000124746,77.20773347608167,Connaught Place Inner Circle,Arterial,128,16.75,Clear,31.8,57.6,0,1,0,17.91,Moderate
2026-06-21,12:15,28.62760831705896,77.21657671649605,Connaught Place Inner Circle,Arterial,50,45.16,Clear,38.1,50.8,0,1,0,6.64,Low
2026-06-10,20:45,22.539498272292064,88.358875834106,Park Street,Local,59,10.76,Clear,31.6,30.7,0,0,0,27.87,High
2026-06-03,04:15,22.5561141521105,88.35225517878204,Park Street,Local,26,16.41,Rainy,26.0,92.4,0,1,0,18.28,Moderate
2026-06-22,07:00,28.588333112323262,77.22842153251536,Lodi Road,Local,67,10.38,Clear,39.0,50.9,0,0,0,28.92,High
2026-06-10,11:15,28.56508229152371,77.21419364646114,Ring Road,Highway,120,62.17,Clear,34.9,50.9,0,1,0,4.83,Low
2026-06-19,23:30,28.4690217010831,77.03448222361756,MG Road,Highway,124,53.06,Rainy,23.1,87.9,0,1,0,5.65,Moderate
2026-06-21,03:15,28.568407320219922,77.21705568530184,Ring Road,Highway,107,69.6,Clear,38.7,48.0,0,0,0,4.31,Low
2026-06-09,09:30,28.612071272093996,77.21541315540571,Grand Trunk Road,Highway,254,28.28,Clear,40.8,55.5,0,0,0,10.61,High
2026-06-14,03:30,22.547253713384244,88.34753756054087,Park Street,Local,25,-50.0,,34.8,59.3,0,1,1,12.78,Moderate
2026-06-06,14:15,28.57603571455019,77.21999782124301,Ring Road,Highway,98,78.79,Clear,38.2,41.9,0,1,0,3.81,Low
2026-06-28,17:00,28.63932873785372,77.28066474505559,Vikas Marg,Arterial,131,14.63,Clear,29.5,38.7,0,0,0,20.51,High
2026-06-30,13:45,28.54806431301422,77.16987146531916,Nelson Mandela Marg,Arterial,90,22.49,Rainy,25.0,94.2,0,0,0,13.34,Moderate
2026-06-06,02:15,28.597767697600165,77.22544794295268,Lodi Road,Local,20,21.8,Clear,39.7,52.8,0,1,0,13.76,Moderate
2026-06-21,08:00,28.63621512757014,77.26844480248822,Vikas Marg,Arterial,166,10.13,Snowy,-2.0,90.8,0,1,0,29.61,High
2026-06-19,14:30,28.638175540510062,77.22240968811657,Connaught Place Inner Circle,Arterial,82,46.52,Clear,36.4,47.2,0,1,0,6.45,Low
2026-06-15,19:30,28.616511605652402,77.20387974014015,Grand Trunk Road,Highway,303,37.15,Clear,32.8,31.7,0,1,0,8.07,High
2026-06-21,15:00,28.57547974495539,77.21169311527649,Ring Road,Highway,127,42.96,Foggy,15.2,99.0,0,1,0,6.98,Moderate
2026-06-24,21:00,28.604599748039156,77.18539844133662,Sardar Patel Marg,Arterial,71,47.33,Clear,34.4,51.4,0,1,0,6.34,Low
2026-06-15,12:45,28.57624048554339,77.21398131825542,Ring Road,Highway,144,74.49,Clear,34.9,41.0,0,0,0,4.03,Moderate
2026-06-30,14:15,28.629939879140714,77.26647746645337,Vikas Marg,Arterial,80,34.52,Clear,37.5,36.9,0,1,0,8.69,Moderate
2026-06-10,01:45,22.548946403847964,88.35593867566391,Park Street,Local,28,28.76,Clear,31.6,43.6,0,1,0,10.43,Moderate
2026-06-28,07:00,28.62966574898133,77.22414065093685,Connaught Place Inner Circle,Arterial,107,20.58,Clear,31.5,45.3,0,1,0,14.58,Moderate
2026-06-20,00:15,28.454470991158953,77.02703086065537,MG Road,Highway,108,59.9,Clear,39.3,54.2,0,1,0,5.01,Low
2026-06-23,08:45,22.551861745019128,88.35526995502339,Park Street,Local,76,5.0,Foggy,12.3,94.3,1,0,0,60.0,High
2026-06-28,18:45,28.5965913605714,77.181791127502,Sardar Patel Marg,Arterial,121,20.23,Clear,28.3,30.8,0,1,0,14.83,Moderate
2026-06-18,03:15,28.567425376382698,77.21111150395572,Ring Road,Highway,113,79.88,Clear,37.5,45.3,0,1,1,3.76,Low
2026-06-24,09:30,28.602563645087816,77.17329673951035,Sardar Patel Marg,Arterial,222,14.94,Clear,36.5,51.4,0,1,0,20.08,High
2026-06-23,12:45,22.547771381956615,88.34652562876998,Park Street,Local,30,29.2,Clear,29.8,37.4,0,1,0,10.28,Moderate
2026-06-04,02:45,28.645914352029322,77.11679481536476,Outer Ring Road,Highway,144,76.51,Clear,28.9,35.0,0,0,0,3.92,Moderate
2026-06-06,14:15,28.61855531362187,77.21353840677162,Grand Trunk Road,Highway,91,63.41,Clear,36.3,41.9,0,1,0,4.73,Low
2026-06-07,07:45,28.595686018762148,77.22996998068652,Lodi Road,Local,46,10.58,Clear,37.7,44.1,0,1,0,28.36,High
2026-06-07,23:15,28.62878190141111,77.22738931260548,Connaught Place Inner Circle,Arterial,62,30.68,Rainy,27.7,83.8,0,1,0,9.78,Moderate
2026-06-11,11:00,22.555142838664565,88.36198374226579,Park Street,Local,28,21.48,Clear,38.0,51.6,0,0,0,13.96,Moderate
2026-06-29,05:45,28.543788995167603,77.1727268111961,Nelson Mandela Marg,Arterial,68,16.61,Snowy,3.3,88.2,0,1,0,18.06,Moderate
2026-06-19,00:30,28.550285078440222,77.16835382386552,Nelson Mandela Marg,Arterial,74,31.04,Rainy,24.6,87.1,0,1,0,9.66,Moderate
2026-06-06,07:00,28.64441368500543,77.11593834663356,Outer Ring Road,Highway,301,25.34,Clear,28.8,54.5,0,1,0,11.84,High
2026-06-30,19:15,28.630746943747262,77.21210739137696,Connaught Place Inner Circle,Arterial,188,17.3,Clear,38.8,33.4,0,0,0,17.34,Moderate
2026-06-30,17:00,28.57915315472983,77.2170474230899,Lodi Road,Local,63,10.53,Clear,41.7,36.7,0,1,0,28.48,High
2026-06-07,07:30,28.59043223824179,77.17197827430935,Sardar Patel Marg,Arterial,150,13.96,Rainy,23.1,96.1,0,0,0,21.5,High
2026-06-27,07:30,28.545253052100882,77.15901245702383,Nelson Mandela Marg,Arterial,147,15.62,Clear,40.0,34.0,0,1,0,19.21,Moderate
2026-06-25,06:30,28.574194814562908,77.21624264211606,Ring Road,Highway,171,58.11,Clear,37.7,35.2,0,1,0,5.16,Moderate
2026-06-12,22:45,28.629883203490365,77.2170572547472,Connaught Place Inner Circle,Arterial,67,27.68,Rainy,24.2,82.8,0,0,0,10.84,Moderate
2026-06-23,01:45,28.6095832561141,77.21385970646742,Grand Trunk Road,Highway,150,66.22,Clear,,56.3,0,0,0,4.53,Moderate
2026-06-28,04:15,28.561852488920188,77.2125298626367,Ring Road,Highway,88,80.06,Clear,39.1,46.0,0,1,0,3.75,Low
2026-06-22,09:30,28.64208961492772,77.26614303361394,Vikas Marg,Arterial,146,17.51,Clear,37.6,36.5,0,1,0,17.13,Moderate
2026-06-04,21:30,28.59410118904939,77.16889778350479,Sardar Patel Marg,Arterial,64,28.99,Foggy,11.5,89.4,0,1,0,10.35,Moderate
2026-06-08,16:30,28.466712640357812,77.02730139437868,MG Road,Highway,173,57.02,Clear,38.5,36.3,0,0,0,5.26,Moderate
2026-06-02,00:00,28.64233396940166,77.27117335569255,Vikas Marg,Arterial,72,34.32,Clear,32.7,34.2,0,1,0,8.74,Moderate
2026-06-03,20:00,28.59281003849531,77.2304907426184,Lodi Road,Local,69,10.7,Clear,35.3,40.8,0,1,0,28.05,High
2026-06-06,01:45,28.63980834958774,77.20891563684968,Connaught Place Inner Circle,Arterial,49,34.57,Clear,39.6,44.8,0,0,0,8.68,Moderate
2026-06-13,14:15,28.605525610466415,77.21660739252519,Grand Trunk Road,Highway,101,64.56,Clear,33.7,31.3,0,1,0,4.65,Low
2026-06-26,09:30,28.640556242165914,77.12035259656797,Outer Ring Road,Highway,297,31.49,Clear,31.7,57.9,0,1,0,9.53,High
2026-06-10,12:00,28.540475426781843,77.15994735838085,Nelson Mandela Marg,Arterial,75,47.23,Clear,40.8,39.8,0,1,0,6.35,Low
2026-06-29,05:45,28.466014219031212,77.02231415135321,MG Road,Highway,176,76.42,Clear,39.0,37.6,0,1,0,3.93,Moderate
2026-06-30,23:45,28.639007023542664,77.22339765966775,Connaught Place Inner Circle,Arterial,72,36.15,Clear,34.0,39.1,0,0,0,8.3,Low
2026-06-14,08:30,28.452325560985507,77.02083964981804,MG Road,Highway,306,36.83,Clear,37.7,40.4,0,1,0,8.15,High
2026-06-25,04:15,22.556145677717783,88.3568516489979,Park Street,Local,28,14.06,Rainy,28.0,87.8,0,1,0,21.34,High
2026-06-28,15:30,28.546150693129807,77.16532376719083,Nelson Mandela Marg,Arterial,42,12.41,Clear,29.3,46.8,1,1,0,24.18,High
2026-06-21,09:00,28.630640362533512,77.22754483829722,Connaught Place Inner Circle,Arterial,130,17.67,Clear,30.0,57.6,0,0,0,16.98,Moderate
2026-06-09,15:15,28.565325414032944,77.20779488367253,Ring Road,Highway,166,44.3,Rainy,27.6,95.8,0,0,0,6.77,Moderate
2026-06-30,14:15,28.629939879140714,77.26647746645337,Vikas Marg,Arterial,80,34.52,Clear,37.5,36.9,0,1,0,8.69,Moderate
2026-06-14,02:30,28.62817590237923,77.21008200115219,Connaught Place Inner Circle,Arterial,73,29.11,Rainy,26.4,88.2,0,1,0,10.31,Moderate
2026-06-29,04:30,28.587748657352662,77.23041260228595,Lodi Road,Local,31,13.53,Snowy,0.0,85.9,0,1,0,22.17,High
